{
  "packages": [
    {
      "name": "jwplc",
      "maintainer": "JW Control",
      "websiteUrl": "https://www.industrialshields.com/",
      "Url": "https://raw.githubusercontent.com/JW-Control/platform-jwplc/main/JWPLC_Basic/package_jwplcbasic_index.json",
      "email": "jw.control.peru@gmail.com",
      "platforms": [
        {
          "name": "JW Control ESP32 PLC Boards",
          "architecture": "esp32",
          "version": "1.0.1",
          "deprecated": false,
          "category": "Contributed",
          "url": "https://github.com/JW-Control/platform-jwplc/blob/main/JWPLC_Basic/JWPLC_Basic-1.0.1.zip?raw=true",
          "archiveFileName": "JWPLC_Basic-1.0.1.zip",
          "checksum": "SHA-256:87CCB9F20DEA2F1F7D6983ED37CF1173E1D8FB20A8D35251D084C073F7E80E43",
          "size": "19946855",
          "boards": [
              {
                  "name": "JWPLC Basic Family"
              }
          ],
          "help": {
            "online": "https://www.jw-control.com/"
          },
          "toolsDependencies": [
            {
              "packager": "esp32",
              "name": "riscv32-esp-elf-gcc",
              "version": "gcc8_4_0-esp-2021r2-patch3"
            },
            {
              "packager": "esp32",
              "name": "xtensa-esp32-elf-gcc",
              "version": "gcc8_4_0-esp-2021r2-patch3"
            },
            {
              "packager": "esp32",
              "name": "xtensa-esp32s2-elf-gcc",
              "version": "gcc8_4_0-esp-2021r2-patch3"
            },
            {
              "packager": "esp32",
              "name": "xtensa-esp32s3-elf-gcc",
              "version": "gcc8_4_0-esp-2021r2-patch3"
            },
            {
              "packager": "esp32",
              "name": "esptool_py",
              "version": "4.2.1"
            },
            {
              "packager": "esp32",
              "name": "mkspiffs",
              "version": "0.2.3"
            },
            {
              "packager": "esp32",
              "name": "mklittlefs",
              "version": "3.0.0-gnu12-dc7f933"
            }
          ],
          "discoveryDependencies": [],
          "monitorDependencies": []
        }
      ],
      "tools": [
        {
          "name": "esptool_py",
          "version": "2.6.1",
          "systems": [
            {
              "host": "i686-mingw32",
              "url": "https://dl.espressif.com/dl/esptool-2.6.1-windows.zip",
              "archiveFileName": "esptool-2.6.1-windows.zip",
              "size": "3422445",
              "checksum": "SHA-256:84cf0b369a7707fe566434faba148852fc464992111d5baa95b658b374802f96"
            },
            {
              "host": "x86_64-apple-darwin",
              "url": "https://dl.espressif.com/dl/esptool-2.6.1-macos.tar.gz",
              "archiveFileName": "esptool-2.6.1-macos.tar.gz",
              "size": "3837085",
              "checksum": "SHA-256:f4eb758a301d6902cc9dfcd49d36345d2f075ad123da7cf8132d15cfb7533457"
            },
            {
              "host": "x86_64-pc-linux-gnu",
              "url": "https://dl.espressif.com/dl/esptool-2.6.1-linux.tar.gz",
              "archiveFileName": "esptool-2.6.1-linux.tar.gz",
              "size": "44762",
              "checksum": "SHA-256:eaf82ff4070d9792f6a42ae1e485375de5a87bec59ef01dfb95de901519ec7fb"
            },
            {
              "host": "i686-pc-linux-gnu",
              "url": "https://dl.espressif.com/dl/esptool-2.6.1-linux.tar.gz",
              "archiveFileName": "esptool-2.6.1-linux.tar.gz",
              "size": "44762",
              "checksum": "SHA-256:eaf82ff4070d9792f6a42ae1e485375de5a87bec59ef01dfb95de901519ec7fb"
            },
            {
              "host": "arm-linux-gnueabihf",
              "url": "https://dl.espressif.com/dl/esptool-2.6.1-linux.tar.gz",
              "archiveFileName": "esptool-2.6.1-linux.tar.gz",
              "size": "44762",
              "checksum": "SHA-256:eaf82ff4070d9792f6a42ae1e485375de5a87bec59ef01dfb95de901519ec7fb"
            }
          ]
        },
        {
          "name": "esptool_py",
          "version": "3.1.0",
          "systems": [
            {
              "host": "i686-mingw32",
              "url": "https://github.com/espressif/arduino-esp32/releases/download/2.0.0-alpha1/esptool-3.1.0-windows.zip",
              "archiveFileName": "esptool-3.1.0-windows.zip",
              "size": "7411889",
              "checksum": "SHA-256:c9b4f9bc6e94db136c2545c87c00c7ab1441644ca0bac50811bc3c014e22514b"
            },
            {
              "host": "x86_64-apple-darwin",
              "url": "https://github.com/espressif/arduino-esp32/releases/download/2.0.0-alpha1/esptool-3.1.0-macos.tar.gz",
              "archiveFileName": "esptool-3.1.0-macos.tar.gz",
              "size": "6776909",
              "checksum": "SHA-256:1dffcb884665fb616779aea62a68f517aac251ea6dfe95560906c364d6ef3065"
            },
            {
              "host": "x86_64-pc-linux-gnu",
              "url": "https://github.com/espressif/arduino-esp32/releases/download/2.0.0-alpha1/esptool-3.1.0-linux.tar.gz",
              "archiveFileName": "esptool-3.1.0-linux.tar.gz",
              "size": "80550",
              "checksum": "SHA-256:15eca9896a30e804aa24be6f7a06e39397541b8b09a7a4c48deb65f826e7baad"
            },
            {
              "host": "i686-pc-linux-gnu",
              "url": "https://github.com/espressif/arduino-esp32/releases/download/2.0.0-alpha1/esptool-3.1.0-linux.tar.gz",
              "archiveFileName": "esptool-3.1.0-linux.tar.gz",
              "size": "80550",
              "checksum": "SHA-256:15eca9896a30e804aa24be6f7a06e39397541b8b09a7a4c48deb65f826e7baad"
            },
            {
              "host": "arm-linux-gnueabihf",
              "url": "https://github.com/espressif/arduino-esp32/releases/download/2.0.0-alpha1/esptool-3.1.0-linux.tar.gz",
              "archiveFileName": "esptool-3.1.0-linux.tar.gz",
              "size": "80550",
              "checksum": "SHA-256:15eca9896a30e804aa24be6f7a06e39397541b8b09a7a4c48deb65f826e7baad"
            },
            {
              "host": "aarch64-linux-gnu",
              "url": "https://github.com/espressif/arduino-esp32/releases/download/2.0.0-alpha1/esptool-3.1.0-linux.tar.gz",
              "archiveFileName": "esptool-3.1.0-linux.tar.gz",
              "size": "80550",
              "checksum": "SHA-256:15eca9896a30e804aa24be6f7a06e39397541b8b09a7a4c48deb65f826e7baad"
            }
          ]
        },
        {
          "name": "esptool_py",
          "version": "3.3.0",
          "systems": [
            {
              "host": "i686-mingw32",
              "url": "https://github.com/espressif/arduino-esp32/releases/download/2.0.2/esptool-3.3-windows.zip",
              "archiveFileName": "esptool-3.3-windows.zip",
              "size": "7436864",
              "checksum": "SHA-256:55a1d7165414bf4dbd2bb16ca094e555d671958450f5d1536b457a518d2b15df"
            },
            {
              "host": "x86_64-mingw32",
              "url": "https://github.com/espressif/arduino-esp32/releases/download/2.0.2/esptool-3.3-windows.zip",
              "archiveFileName": "esptool-3.3-windows.zip",
              "size": "7436864",
              "checksum": "SHA-256:55a1d7165414bf4dbd2bb16ca094e555d671958450f5d1536b457a518d2b15df"
            },
            {
              "host": "x86_64-apple-darwin",
              "url": "https://github.com/espressif/arduino-esp32/releases/download/2.0.2/esptool-3.3-macos.tar.gz",
              "archiveFileName": "esptool-3.3-macos.tar.gz",
              "size": "6944975",
              "checksum": "SHA-256:3e5f7b521ae33c8c63f3b48efc909c08f37bef1a083c0eafa408312c09900afd"
            },
            {
              "host": "x86_64-pc-linux-gnu",
              "url": "https://github.com/espressif/arduino-esp32/releases/download/2.0.2/esptool-3.3-linux.tar.gz",
              "archiveFileName": "esptool-3.3-linux.tar.gz",
              "size": "97026",
              "checksum": "SHA-256:fbe91a49e5f5deca4881f5eed32e8903faf97bfd365fe2d0d1512b80bdb67f5e"
            },
            {
              "host": "i686-pc-linux-gnu",
              "url": "https://github.com/espressif/arduino-esp32/releases/download/2.0.2/esptool-3.3-linux.tar.gz",
              "archiveFileName": "esptool-3.3-linux.tar.gz",
              "size": "97026",
              "checksum": "SHA-256:fbe91a49e5f5deca4881f5eed32e8903faf97bfd365fe2d0d1512b80bdb67f5e"
            },
            {
              "host": "arm-linux-gnueabihf",
              "url": "https://github.com/espressif/arduino-esp32/releases/download/2.0.2/esptool-3.3-linux.tar.gz",
              "archiveFileName": "esptool-3.3-linux.tar.gz",
              "size": "97026",
              "checksum": "SHA-256:fbe91a49e5f5deca4881f5eed32e8903faf97bfd365fe2d0d1512b80bdb67f5e"
            },
            {
              "host": "aarch64-linux-gnu",
              "url": "https://github.com/espressif/arduino-esp32/releases/download/2.0.2/esptool-3.3-linux.tar.gz",
              "archiveFileName": "esptool-3.3-linux.tar.gz",
              "size": "97026",
              "checksum": "SHA-256:fbe91a49e5f5deca4881f5eed32e8903faf97bfd365fe2d0d1512b80bdb67f5e"
            }
          ]
        },
        {
          "name": "esptool_py",
          "version": "4.2.1",
          "systems": [
            {
              "host": "i686-mingw32",
              "url": "https://github.com/espressif/arduino-esp32/releases/download/2.0.4/esptool-4.2.1-windows.zip",
              "archiveFileName": "esptool-4.2.1-windows.zip",
              "size": "6368279",
              "checksum": "SHA-256:582560067bfbd9895f4862eb5fdf87558ddee5d4d30e7575c9b8bcb0dd60fd94"
            },
            {
              "host": "x86_64-mingw32",
              "url": "https://github.com/espressif/arduino-esp32/releases/download/2.0.4/esptool-4.2.1-windows.zip",
              "archiveFileName": "esptool-4.2.1-windows.zip",
              "size": "6368279",
              "checksum": "SHA-256:582560067bfbd9895f4862eb5fdf87558ddee5d4d30e7575c9b8bcb0dd60fd94"
            },
            {
              "host": "x86_64-apple-darwin",
              "url": "https://github.com/espressif/arduino-esp32/releases/download/2.0.4/esptool-4.2.1-macos.tar.gz",
              "archiveFileName": "esptool-4.2.1-macos.tar.gz",
              "size": "5816598",
              "checksum": "SHA-256:a984f7ad8bdb40c42d0d368bf4bb21b69a9587aed46b7b6d7de23ca58a3f150d"
            },
            {
              "host": "x86_64-pc-linux-gnu",
              "url": "https://github.com/espressif/arduino-esp32/releases/download/2.0.4/esptool-4.2.1-linux.tar.gz",
              "archiveFileName": "esptool-4.2.1-linux.tar.gz",
              "size": "90123",
              "checksum": "SHA-256:5a45fb77eb6574554ec2f45230d0b350f26f9c24ab3b6c13c4031ebdf72a34ab"
            },
            {
              "host": "i686-pc-linux-gnu",
              "url": "https://github.com/espressif/arduino-esp32/releases/download/2.0.4/esptool-4.2.1-linux.tar.gz",
              "archiveFileName": "esptool-4.2.1-linux.tar.gz",
              "size": "90123",
              "checksum": "SHA-256:5a45fb77eb6574554ec2f45230d0b350f26f9c24ab3b6c13c4031ebdf72a34ab"
            },
            {
              "host": "arm-linux-gnueabihf",
              "url": "https://github.com/espressif/arduino-esp32/releases/download/2.0.4/esptool-4.2.1-linux.tar.gz",
              "archiveFileName": "esptool-4.2.1-linux.tar.gz",
              "size": "90123",
              "checksum": "SHA-256:5a45fb77eb6574554ec2f45230d0b350f26f9c24ab3b6c13c4031ebdf72a34ab"
            },
            {
              "host": "aarch64-linux-gnu",
              "url": "https://github.com/espressif/arduino-esp32/releases/download/2.0.4/esptool-3.3-linux.tar.gz",
              "archiveFileName": "esptool-4.2.1-linux.tar.gz",
              "size": "90123",
              "checksum": "SHA-256:5a45fb77eb6574554ec2f45230d0b350f26f9c24ab3b6c13c4031ebdf72a34ab"
            }
          ]
        },
        {
          "name": "xtensa-esp32s2-elf-gcc",
          "version": "gcc8_4_0-esp-2021r1",
          "systems": [
            {
              "host": "x86_64-pc-linux-gnu",
              "url": "https://github.com/espressif/crosstool-NG/releases/download/esp-2021r1/xtensa-esp32s2-elf-gcc8_4_0-esp-2021r1-linux-amd64.tar.gz",
              "archiveFileName": "xtensa-esp32s2-elf-gcc8_4_0-esp-2021r1-linux-amd64.tar.gz",
              "size": "86687290",
              "checksum": "SHA-256:b127baccfe6949ee7eaf3d0782ea772750a9b8e2732b16ce6bcc9dcd91f7209a"
            },
            {
              "host": "arm-linux-gnueabihf",
              "url": "https://github.com/espressif/crosstool-NG/releases/download/esp-2021r1/xtensa-esp32s2-elf-gcc8_4_0-esp-2021r1-linux-armel.tar.gz",
              "archiveFileName": "xtensa-esp32s2-elf-gcc8_4_0-esp-2021r1-linux-armel.tar.gz",
              "size": "84916701",
              "checksum": "SHA-256:7ca0d240f11e1c53c01a56257b0c968f876ab405142d1068d8c9b456d939554c"
            },
            {
              "host": "i686-pc-linux-gnu",
              "url": "https://github.com/espressif/crosstool-NG/releases/download/esp-2021r1/xtensa-esp32s2-elf-gcc8_4_0-esp-2021r1-linux-i686.tar.gz",
              "archiveFileName": "xtensa-esp32s2-elf-gcc8_4_0-esp-2021r1-linux-i686.tar.gz",
              "size": "88699953",
              "checksum": "SHA-256:9941f993ff84d1c606b45ffbeeb7bcdc5a72cf24e787bb9230390510fe3511c6"
            },
            {
              "host": "x86_64-apple-darwin",
              "url": "https://github.com/espressif/crosstool-NG/releases/download/esp-2021r1/xtensa-esp32s2-elf-gcc8_4_0-esp-2021r1-macos.tar.gz",
              "archiveFileName": "xtensa-esp32s2-elf-gcc8_4_0-esp-2021r1-macos.tar.gz",
              "size": "93757895",
              "checksum": "SHA-256:4b55b1a9ca7fc945be6fc3513802b6cece9264bee4cbca76013569cec2695973"
            },
            {
              "host": "i686-mingw32",
              "url": "https://github.com/espressif/crosstool-NG/releases/download/esp-2021r1/xtensa-esp32s2-elf-gcc8_4_0-esp-2021r1-win32.zip",
              "archiveFileName": "xtensa-esp32s2-elf-gcc8_4_0-esp-2021r1-win32.zip",
              "size": "106013515",
              "checksum": "SHA-256:c94ec1e45c81b7e4944d216bab4aa41d46849768d7761fd691661dab1a3df828"
            }
          ]
        },
        {
          "name": "xtensa-esp32s2-elf-gcc",
          "version": "gcc8_4_0-esp-2021r2-patch3",
          "systems": [
            {
              "host": "x86_64-pc-linux-gnu",
              "url": "https://github.com/espressif/crosstool-NG/releases/download/esp-2021r2-patch3/xtensa-esp32s2-elf-gcc8_4_0-esp-2021r2-patch3-linux-amd64.tar.gz",
              "archiveFileName": "xtensa-esp32s2-elf-gcc8_4_0-esp-2021r2-patch3-linux-amd64.tar.gz",
              "size": "90894048",
              "checksum": "SHA-256:a32451a8edc1104b83cd9971178e61826e957d7db9ad9f81798a8969fd5a954e"
            },
            {
              "host": "aarch64-linux-gnu",
              "url": "https://github.com/espressif/crosstool-NG/releases/download/esp-2021r2-patch3/xtensa-esp32s2-elf-gcc8_4_0-esp-2021r2-patch3-linux-arm64.tar.gz",
              "archiveFileName": "xtensa-esp32s2-elf-gcc8_4_0-esp-2021r2-patch3-linux-arm64.tar.gz",
              "size": "87178224",
              "checksum": "SHA-256:2ac2c94a533a99a091d2159c678c611c712c494b5f68d97913254712047260f9"
            },
            {
              "host": "arm-linux-gnueabihf",
              "url": "https://github.com/espressif/crosstool-NG/releases/download/esp-2021r2-patch3/xtensa-esp32s2-elf-gcc8_4_0-esp-2021r2-patch3-linux-armel.tar.gz",
              "archiveFileName": "xtensa-esp32s2-elf-gcc8_4_0-esp-2021r2-patch3-linux-armel.tar.gz",
              "size": "86569314",
              "checksum": "SHA-256:da49afee1e2e03eaab3f492718789442d33b562800e2a892679f95b50be24d14"
            },
            {
              "host": "i686-pc-linux-gnu",
              "url": "https://github.com/espressif/crosstool-NG/releases/download/esp-2021r2-patch3/xtensa-esp32s2-elf-gcc8_4_0-esp-2021r2-patch3-linux-i686.tar.gz",
              "archiveFileName": "xtensa-esp32s2-elf-gcc8_4_0-esp-2021r2-patch3-linux-i686.tar.gz",
              "size": "92884013",
              "checksum": "SHA-256:36d3c4990a5feb68aa8534463bc9e8ee367fe23886f78e1d726f4411c7571462"
            },
            {
              "host": "x86_64-apple-darwin",
              "url": "https://github.com/espressif/crosstool-NG/releases/download/esp-2021r2-patch3/xtensa-esp32s2-elf-gcc8_4_0-esp-2021r2-patch3-macos.tar.gz",
              "archiveFileName": "xtensa-esp32s2-elf-gcc8_4_0-esp-2021r2-patch3-macos.tar.gz",
              "size": "98224709",
              "checksum": "SHA-256:de9af641678c93775e932ee5ec4f478f8925cfc1ebc22e41adc4fb85430a0c35"
            },
            {
              "host": "i686-mingw32",
              "url": "https://github.com/espressif/crosstool-NG/releases/download/esp-2021r2-patch3/xtensa-esp32s2-elf-gcc8_4_0-esp-2021r2-patch3-win32.zip",
              "archiveFileName": "xtensa-esp32s2-elf-gcc8_4_0-esp-2021r2-patch3-win32.zip",
              "size": "116924759",
              "checksum": "SHA-256:ccf08afe60046f87b0e81ca17dc5073eda68ab5e7522c163dd5b583d713b7b39"
            },
            {
              "host": "x86_64-mingw32",
              "url": "https://github.com/espressif/crosstool-NG/releases/download/esp-2021r2-patch3/xtensa-esp32s2-elf-gcc8_4_0-esp-2021r2-patch3-win64.zip",
              "archiveFileName": "xtensa-esp32s2-elf-gcc8_4_0-esp-2021r2-patch3-win64.zip",
              "size": "119912142",
              "checksum": "SHA-256:37c91490b8fc75e638c23785e261eaf553be2dcd106cf6cff5b76981fa02955b"
            }
          ]
        },
        {
          "name": "mklittlefs",
          "version": "3.0.0-gnu12-dc7f933",
          "systems": [
            {
              "host": "aarch64-linux-gnu",
              "url": "https://github.com/earlephilhower/esp-quick-toolchain/releases/download/3.0.0-gnu12/aarch64-linux-gnu.mklittlefs-c41e51a.200706.tar.gz",
              "archiveFileName": "aarch64-linux-gnu.mklittlefs-c41e51a.200706.tar.gz",
              "size": "44651",
              "checksum": "SHA-256:fc56e389383749e4cf4fab0fcf75cc0ebc41e59383caf6c2eff1c3d9794af200"
            },
            {
              "host": "arm-linux-gnueabihf",
              "url": "https://github.com/earlephilhower/esp-quick-toolchain/releases/download/3.0.0-gnu12/arm-linux-gnueabihf.mklittlefs-c41e51a.200706.tar.gz",
              "archiveFileName": "arm-linux-gnueabihf.mklittlefs-c41e51a.200706.tar.gz",
              "size": "37211",
              "checksum": "SHA-256:52b642dd0545eb3bd8dfb75dde6601df21700e4867763fd2696274be279294c5"
            },
            {
              "host": "i686-pc-linux-gnu",
              "url": "https://github.com/earlephilhower/esp-quick-toolchain/releases/download/3.0.0-gnu12/i686-linux-gnu.mklittlefs-c41e51a.200706.tar.gz",
              "archiveFileName": "i686-linux-gnu.mklittlefs-c41e51a.200706.tar.gz",
              "size": "48033",
              "checksum": "SHA-256:7886051d8ccc54aed0af2e7cdf6ff992bb51638df86f3b545955697720b6d062"
            },
            {
              "host": "i686-mingw32",
              "url": "https://github.com/earlephilhower/esp-quick-toolchain/releases/download/3.0.0-gnu12/i686-w64-mingw32.mklittlefs-c41e51a.200706.zip",
              "archiveFileName": "i686-w64-mingw32.mklittlefs-c41e51a.200706.zip",
              "size": "332655",
              "checksum": "SHA-256:43740db30ce451454f2337331f10ab4ed41bd83dbf0fa0cb4387107388b59f42"
            },
            {
              "host": "x86_64-apple-darwin",
              "url": "https://github.com/earlephilhower/esp-quick-toolchain/releases/download/3.0.0-gnu12/x86_64-apple-darwin14.mklittlefs-c41e51a.200706.tar.gz",
              "archiveFileName": "x86_64-apple-darwin14.mklittlefs-c41e51a.200706.tar.gz",
              "size": "362608",
              "checksum": "SHA-256:e3edd5e05b70db3c7df6b9d626558348ad04804022fe955c799aeb51808c7dc3"
            },
            {
              "host": "x86_64-pc-linux-gnu",
              "url": "https://github.com/earlephilhower/esp-quick-toolchain/releases/download/3.0.0-gnu12/x86_64-linux-gnu.mklittlefs-c41e51a.200706.tar.gz",
              "archiveFileName": "x86_64-linux-gnu.mklittlefs-c41e51a.200706.tar.gz",
              "size": "46778",
              "checksum": "SHA-256:66e84dda0aad747517da3785125e05738a540948aab2b7eaa02855167a1eea53"
            },
            {
              "host": "x86_64-mingw32",
              "url": "https://github.com/earlephilhower/esp-quick-toolchain/releases/download/3.0.0-gnu12/x86_64-w64-mingw32.mklittlefs-c41e51a.200706.zip",
              "archiveFileName": "x86_64-w64-mingw32.mklittlefs-c41e51a.200706.zip",
              "size": "345132",
              "checksum": "SHA-256:2e319077491f8e832e96eb4f2f7a70dd919333cee4b388c394e0e848d031d542"
            }
          ]
        },
        {
          "name": "avr-gcc",
          "version": "4.9.2-atmel3.5.3-arduino2",
          "systems": [
            {
              "host": "arm-linux-gnueabihf",
              "url": "https://downloads.arduino.cc/tools/avr-gcc-4.9.2-atmel3.5.3-arduino2-armhf-pc-linux-gnu.tar.bz2",
              "archiveFileName": "avr-gcc-4.9.2-atmel3.5.3-arduino2-armhf-pc-linux-gnu.tar.bz2",
              "size": "27400889",
              "checksum": "SHA-256:77f300d519bc6b9a25df17b36cb303218e9a258c059b2f6bff8f71a0d8f96821"
            },
            {
              "host": "i386-apple-darwin11",
              "url": "https://downloads.arduino.cc/tools/avr-gcc-4.9.2-atmel3.5.3-arduino2-i386-apple-darwin11.tar.bz2",
              "archiveFileName": "avr-gcc-4.9.2-atmel3.5.3-arduino2-i386-apple-darwin11.tar.bz2",
              "size": "27048070",
              "checksum": "SHA-256:311258af188defe24a4b341e4e1f4dc93ca6c80516d3e3b55a2fc07a7050248b"
            },
            {
              "host": "i686-mingw32",
              "url": "https://downloads.arduino.cc/tools/avr-gcc-4.9.2-atmel3.5.3-arduino2-i686-mingw32.zip",
              "archiveFileName": "avr-gcc-4.9.2-atmel3.5.3-arduino2-i686-mingw32.zip",
              "size": "43847945",
              "checksum": "SHA-256:f8e6ede8746c70be01ec79a30803277cd94360cc5b2e104762da0fbcf536fcc6"
            },
            {
              "host": "i686-linux-gnu",
              "url": "https://downloads.arduino.cc/tools/avr-gcc-4.9.2-atmel3.5.3-arduino2-i686-pc-linux-gnu.tar.bz2",
              "archiveFileName": "avr-gcc-4.9.2-atmel3.5.3-arduino2-i686-pc-linux-gnu.tar.bz2",
              "size": "29292729",
              "checksum": "SHA-256:f108951e7c4dc90926d1fc76cc27549f6ea63c702a2bb7ff39647a19ae86ec68"
            },
            {
              "host": "x86_64-linux-gnu",
              "url": "https://downloads.arduino.cc/tools/avr-gcc-4.9.2-atmel3.5.3-arduino2-x86_64-pc-linux-gnu.tar.bz2",
              "archiveFileName": "avr-gcc-4.9.2-atmel3.5.3-arduino2-x86_64-pc-linux-gnu.tar.bz2",
              "size": "29882960",
              "checksum": "SHA-256:3903a6d1bb9fdd91727e504b5993d5501f119bcb7f99f7aee98a2101e5629188"
            }
          ]
        },
        {
          "name": "avr-gcc",
          "version": "7.3.0-atmel3.6.1-arduino5",
          "systems": [
            {
              "host": "arm-linux-gnueabihf",
              "url": "https://downloads.arduino.cc/tools/avr-gcc-7.3.0-atmel3.6.1-arduino5-arm-linux-gnueabihf.tar.bz2",
              "archiveFileName": "avr-gcc-7.3.0-atmel3.6.1-arduino5-arm-linux-gnueabihf.tar.bz2",
              "size": "34462042",
              "checksum": "SHA-256:f4acd5531c6b82c715e2edfa0aadb13fb718b4095b3ea1aa1f7fbde680069639"
            },
            {
              "host": "aarch64-linux-gnu",
              "url": "https://downloads.arduino.cc/tools/avr-gcc-7.3.0-atmel3.6.1-arduino5-aarch64-pc-linux-gnu.tar.bz2",
              "archiveFileName": "avr-gcc-7.3.0-atmel3.6.1-arduino5-aarch64-pc-linux-gnu.tar.bz2",
              "size": "39381972",
              "checksum": "SHA-256:dd9c70190be370a44fb47dab1514de6d8852b861dfa527964b65c740d8d50c10"
            },
            {
              "host": "x86_64-apple-darwin14",
              "url": "https://downloads.arduino.cc/tools/avr-gcc-7.3.0-atmel3.6.1-arduino5-x86_64-apple-darwin14.tar.bz2",
              "archiveFileName": "avr-gcc-7.3.0-atmel3.6.1-arduino5-x86_64-apple-darwin14.tar.bz2",
              "size": "38492678",
              "checksum": "SHA-256:f48706317f04452544ab90e75bd1bb193f8af2cb1002f53aa702f27202c1b38f"
            },
            {
              "host": "i686-mingw32",
              "url": "https://downloads.arduino.cc/tools/avr-gcc-7.3.0-atmel3.6.1-arduino5-i686-w64-mingw32.zip",
              "archiveFileName": "avr-gcc-7.3.0-atmel3.6.1-arduino5-i686-w64-mingw32.zip",
              "size": "53727984",
              "checksum": "SHA-256:6d4a5d089a36e5b5252befc73da204555b49e376ce7577ee19ca7f028b295830"
            },
            {
              "host": "i686-linux-gnu",
              "url": "https://downloads.arduino.cc/tools/avr-gcc-7.3.0-atmel3.6.1-arduino5-i686-pc-linux-gnu.tar.bz2",
              "archiveFileName": "avr-gcc-7.3.0-atmel3.6.1-arduino5-i686-pc-linux-gnu.tar.bz2",
              "size": "38710087",
              "checksum": "SHA-256:2ff12739d7ed09688d6b3c2c126e8df69b5bda1a07ab558799f0e576571e0e1d"
            },
            {
              "host": "x86_64-linux-gnu",
              "url": "https://downloads.arduino.cc/tools/avr-gcc-7.3.0-atmel3.6.1-arduino5-x86_64-pc-linux-gnu.tar.bz2",
              "archiveFileName": "avr-gcc-7.3.0-atmel3.6.1-arduino5-x86_64-pc-linux-gnu.tar.bz2",
              "size": "39114120",
              "checksum": "SHA-256:3effed8ffa1978b6e4a46f1aa2acc629e440b4d77244f71f9b79a916025206fb"
            }
          ]
        },
        {
          "name": "arduinoOTA",
          "version": "1.3.0",
          "systems": [
            {
              "host": "i686-linux-gnu",
              "url": "https://downloads.arduino.cc/tools/arduinoOTA-1.3.0-linux_386.tar.bz2",
              "archiveFileName": "arduinoOTA-1.3.0-linux_386.tar.bz2",
              "size": "2633516",
              "checksum": "SHA-256:3e7f59d6fbc7a724598303f0d3289d0c4fd137a8973437980658379a024887b2"
            },
            {
              "host": "x86_64-linux-gnu",
              "url": "https://downloads.arduino.cc/tools/arduinoOTA-1.3.0-linux_amd64.tar.bz2",
              "archiveFileName": "arduinoOTA-1.3.0-linux_amd64.tar.bz2",
              "size": "2716248",
              "checksum": "SHA-256:aa45ee2441ffc3a122daec5802941d1fa2ac47adf5c5c481b5e0daa4dc259ffa"
            },
            {
              "host": "arm-linux-gnueabihf",
              "url": "https://downloads.arduino.cc/tools/arduinoOTA-1.3.0-linux_arm.tar.bz2",
              "archiveFileName": "arduinoOTA-1.3.0-linux_arm.tar.bz2",
              "size": "2567435",
              "checksum": "SHA-256:1888587409b56aef4ba0ab0e6703b3dccba7cc3a022756ba9b908247e5d5a656"
            },
            {
              "host": "aarch64-linux-gnu",
              "url": "https://downloads.arduino.cc/tools/arduinoOTA-1.3.0-linux_arm64.tar.bz2",
              "archiveFileName": "arduinoOTA-1.3.0-linux_arm64.tar.bz2",
              "size": "2472427",
              "checksum": "SHA-256:835ed8f37cffac37e979d1b0f6041559592d3d98be52f0e8611b76c4858e4113"
            },
            {
              "host": "i386-apple-darwin11",
              "url": "https://downloads.arduino.cc/tools/arduinoOTA-1.3.0-darwin_amd64.tar.bz2",
              "archiveFileName": "arduinoOTA-1.3.0-darwin_amd64.tar.bz2",
              "size": "2766116",
              "checksum": "SHA-256:d5d0f82ff829c0e434d12a2ee640a6fbd78f893ab37782edbb8b5bf2359d119e"
            },
            {
              "host": "i686-mingw32",
              "url": "https://downloads.arduino.cc/tools/arduinoOTA-1.3.0-windows_386.zip",
              "archiveFileName": "arduinoOTA-1.3.0-windows_386.zip",
              "size": "2768948",
              "checksum": "SHA-256:051943844eee442460d2c709edefadca184287fffd2b6c100dd53aa742aa05f6"
            }
          ]
        },
        {
          "name": "xtensa-esp32-elf-gcc",
          "version": "1.22.0-80-g6c4433a-5.2.0",
          "systems": [
            {
              "host": "i686-mingw32",
              "url": "https://dl.espressif.com/dl/xtensa-esp32-elf-win32-1.22.0-80-g6c4433a-5.2.0.zip",
              "archiveFileName": "xtensa-esp32-elf-win32-1.22.0-80-g6c4433a-5.2.0.zip",
              "size": "125719261",
              "checksum": "SHA-256:f217fccbeaaa8c92db239036e0d6202458de4488b954a3a38f35ac2ec48058a4"
            },
            {
              "host": "x86_64-apple-darwin",
              "url": "https://dl.espressif.com/dl/xtensa-esp32-elf-osx-1.22.0-80-g6c4433a-5.2.0.tar.gz",
              "archiveFileName": "xtensa-esp32-elf-osx-1.22.0-80-g6c4433a-5.2.0.tar.gz",
              "size": "46517409",
              "checksum": "SHA-256:a4307a97945d2f2f2745f415fbe80d727750e19f91f9a1e7e2f8a6065652f9da"
            },
            {
              "host": "x86_64-pc-linux-gnu",
              "url": "https://dl.espressif.com/dl/xtensa-esp32-elf-linux64-1.22.0-80-g6c4433a-5.2.0.tar.gz",
              "archiveFileName": "xtensa-esp32-elf-linux64-1.22.0-80-g6c4433a-5.2.0.tar.gz",
              "size": "44219107",
              "checksum": "SHA-256:3fe96c151d46c1d4e5edc6ed690851b8e53634041114bad04729bc16b0445156"
            },
            {
              "host": "i686-pc-linux-gnu",
              "url": "https://dl.espressif.com/dl/xtensa-esp32-elf-linux32-1.22.0-80-g6c4433a-5.2.0.tar.gz",
              "archiveFileName": "xtensa-esp32-elf-linux32-1.22.0-80-g6c4433a-5.2.0.tar.gz",
              "size": "45566336",
              "checksum": "SHA-256:b4055695ffc2dfc0bcb6dafdc2572a6e01151c4179ef5fa972b3fcb2183eb155"
            }
          ]
        },
        {
          "name": "xtensa-esp32-elf-gcc",
          "version": "gcc8_4_0-esp-2021r1",
          "systems": [
            {
              "host": "x86_64-pc-linux-gnu",
              "url": "https://github.com/espressif/crosstool-NG/releases/download/esp-2021r1/xtensa-esp32-elf-gcc8_4_0-esp-2021r1-linux-amd64.tar.gz",
              "archiveFileName": "xtensa-esp32-elf-gcc8_4_0-esp-2021r1-linux-amd64.tar.gz",
              "size": "86361217",
              "checksum": "SHA-256:44a0b467b9d2b759ab48b2f27aed684581f33c96e2842992781c4e045992c5b0"
            },
            {
              "host": "arm-linux-gnueabihf",
              "url": "https://github.com/espressif/crosstool-NG/releases/download/esp-2021r1/xtensa-esp32-elf-gcc8_4_0-esp-2021r1-linux-armel.tar.gz",
              "archiveFileName": "xtensa-esp32-elf-gcc8_4_0-esp-2021r1-linux-armel.tar.gz",
              "size": "84520407",
              "checksum": "SHA-256:fdacdb2a7bbf6293bcafda9b52463a4da8a2f3b7e1df9f83d35ff9d1efa22012"
            },
            {
              "host": "i686-pc-linux-gnu",
              "url": "https://github.com/espressif/crosstool-NG/releases/download/esp-2021r1/xtensa-esp32-elf-gcc8_4_0-esp-2021r1-linux-i686.tar.gz",
              "archiveFileName": "xtensa-esp32-elf-gcc8_4_0-esp-2021r1-linux-i686.tar.gz",
              "size": "88375391",
              "checksum": "SHA-256:e2024096492dfaa50fc6ac336cd8faa2e395e8cebb617753eab0b5f16d3dd0dc"
            },
            {
              "host": "x86_64-apple-darwin",
              "url": "https://github.com/espressif/crosstool-NG/releases/download/esp-2021r1/xtensa-esp32-elf-gcc8_4_0-esp-2021r1-macos.tar.gz",
              "archiveFileName": "xtensa-esp32-elf-gcc8_4_0-esp-2021r1-macos.tar.gz",
              "size": "93357296",
              "checksum": "SHA-256:7bbc6a2b94f009cd8a3351b9c7acf7a5caa1c4d3700500ead60f84965386a61b"
            },
            {
              "host": "i686-mingw32",
              "url": "https://github.com/espressif/crosstool-NG/releases/download/esp-2021r1/xtensa-esp32-elf-gcc8_4_0-esp-2021r1-win32.zip",
              "archiveFileName": "xtensa-esp32-elf-gcc8_4_0-esp-2021r1-win32.zip",
              "size": "105603626",
              "checksum": "SHA-256:e4f9fdda192abfc9807e3e7fcd6e9fea30c1a0cf3f3c5a5c961b5114fc8c9b7e"
            }
          ]
        },
        {
          "name": "xtensa-esp32-elf-gcc",
          "version": "gcc8_4_0-esp-2021r2-patch3",
          "systems": [
            {
              "host": "x86_64-pc-linux-gnu",
              "url": "https://github.com/espressif/crosstool-NG/releases/download/esp-2021r2-patch3/xtensa-esp32-elf-gcc8_4_0-esp-2021r2-patch3-linux-amd64.tar.gz",
              "archiveFileName": "xtensa-esp32-elf-gcc8_4_0-esp-2021r2-patch3-linux-amd64.tar.gz",
              "size": "90569312",
              "checksum": "SHA-256:9edd1e77627688f435561922d14299f6a0021ba1f6ff67e472e1108695a69e53"
            },
            {
              "host": "aarch64-linux-gnu",
              "url": "https://github.com/espressif/crosstool-NG/releases/download/esp-2021r2-patch3/xtensa-esp32-elf-gcc8_4_0-esp-2021r2-patch3-linux-arm64.tar.gz",
              "archiveFileName": "xtensa-esp32-elf-gcc8_4_0-esp-2021r2-patch3-linux-arm64.tar.gz",
              "size": "86838362",
              "checksum": "SHA-256:3a21a3e310e6b1e7d7bed1f3e59698a5bd29ed3a5ca79fba9265d7dd2f1e0cd2"
            },
            {
              "host": "arm-linux-gnueabihf",
              "url": "https://github.com/espressif/crosstool-NG/releases/download/esp-2021r2-patch3/xtensa-esp32-elf-gcc8_4_0-esp-2021r2-patch3-linux-armel.tar.gz",
              "archiveFileName": "xtensa-esp32-elf-gcc8_4_0-esp-2021r2-patch3-linux-armel.tar.gz",
              "size": "86187540",
              "checksum": "SHA-256:89313c4c1d8db1b01624f31b58bf3fbe527160569828ac4301e9daa75c52716d"
            },
            {
              "host": "i686-pc-linux-gnu",
              "url": "https://github.com/espressif/crosstool-NG/releases/download/esp-2021r2-patch3/xtensa-esp32-elf-gcc8_4_0-esp-2021r2-patch3-linux-i686.tar.gz",
              "archiveFileName": "xtensa-esp32-elf-gcc8_4_0-esp-2021r2-patch3-linux-i686.tar.gz",
              "size": "92580267",
              "checksum": "SHA-256:a1f165a836f175daa6fbfde4ca99cb93b377f021fbfc41f79a700bd4df965a9a"
            },
            {
              "host": "x86_64-apple-darwin",
              "url": "https://github.com/espressif/crosstool-NG/releases/download/esp-2021r2-patch3/xtensa-esp32-elf-gcc8_4_0-esp-2021r2-patch3-macos.tar.gz",
              "archiveFileName": "xtensa-esp32-elf-gcc8_4_0-esp-2021r2-patch3-macos.tar.gz",
              "size": "97807647",
              "checksum": "SHA-256:dda3d7a43efd995d9a51d5a5741626dbf915df46078aef0b5aea7163ac82398b"
            },
            {
              "host": "i686-mingw32",
              "url": "https://github.com/espressif/crosstool-NG/releases/download/esp-2021r2-patch3/xtensa-esp32-elf-gcc8_4_0-esp-2021r2-patch3-win32.zip",
              "archiveFileName": "xtensa-esp32-elf-gcc8_4_0-esp-2021r2-patch3-win32.zip",
              "size": "116464819",
              "checksum": "SHA-256:fd147592928ef2d7092ba34b01ecd776fe26ba3d7e3f9b6b215a3b46e981ee2c"
            },
            {
              "host": "x86_64-mingw32",
              "url": "https://github.com/espressif/crosstool-NG/releases/download/esp-2021r2-patch3/xtensa-esp32-elf-gcc8_4_0-esp-2021r2-patch3-win64.zip",
              "archiveFileName": "xtensa-esp32-elf-gcc8_4_0-esp-2021r2-patch3-win64.zip",
              "size": "119511910",
              "checksum": "SHA-256:9395315c07de0b9f05c9a6616ba1f05e76ab651053f2f40479163a8e03cfa830"
            }
          ]
        },
        {
          "name": "riscv32-esp-elf-gcc",
          "version": "gcc8_4_0-esp-2021r1",
          "systems": [
            {
              "host": "x86_64-pc-linux-gnu",
              "url": "https://github.com/espressif/crosstool-NG/releases/download/esp-2021r1/riscv32-esp-elf-gcc8_4_0-esp-2021r1-linux-amd64.tar.gz",
              "archiveFileName": "riscv32-esp-elf-gcc8_4_0-esp-2021r1-linux-amd64.tar.gz",
              "size": "152812483",
              "checksum": "SHA-256:3459618f33bbd5f54d7d7783e807cb6eef6472a220f2f1eb3faced735b9d13bb"
            },
            {
              "host": "arm-linux-gnueabihf",
              "url": "https://github.com/espressif/crosstool-NG/releases/download/esp-2021r1/riscv32-esp-elf-gcc8_4_0-esp-2021r1-linux-armel.tar.gz",
              "archiveFileName": "riscv32-esp-elf-gcc8_4_0-esp-2021r1-linux-armel.tar.gz",
              "size": "151726623",
              "checksum": "SHA-256:24b9e54b348bbd5fb816fc4c52abb47337c702beecdbba840750b7cfb9d38069"
            },
            {
              "host": "i686-pc-linux-gnu",
              "url": "https://github.com/espressif/crosstool-NG/releases/download/esp-2021r1/riscv32-esp-elf-gcc8_4_0-esp-2021r1-linux-i686.tar.gz",
              "archiveFileName": "riscv32-esp-elf-gcc8_4_0-esp-2021r1-linux-i686.tar.gz",
              "size": "155430963",
              "checksum": "SHA-256:954d340ebffef12a2ce9be1ea004e6f45a8863f1e6f41f46fd3f04f58499627c"
            },
            {
              "host": "x86_64-apple-darwin",
              "url": "https://github.com/espressif/crosstool-NG/releases/download/esp-2021r1/riscv32-esp-elf-gcc8_4_0-esp-2021r1-macos.tar.gz",
              "archiveFileName": "riscv32-esp-elf-gcc8_4_0-esp-2021r1-macos.tar.gz",
              "size": "159836199",
              "checksum": "SHA-256:612fb3a3f84f703222327bd16581df8f80fda8cdf137637fe5d611587d1b664e"
            },
            {
              "host": "i686-mingw32",
              "url": "https://github.com/espressif/crosstool-NG/releases/download/esp-2021r1/riscv32-esp-elf-gcc8_4_0-esp-2021r1-win32.zip",
              "archiveFileName": "riscv32-esp-elf-gcc8_4_0-esp-2021r1-win32.zip",
              "size": "191266312",
              "checksum": "SHA-256:5711eb407ffe44adddbd1281b6b575a5645e7193ca78faefa27dc5bc5b662bec"
            }
          ]
        },
        {
          "name": "riscv32-esp-elf-gcc",
          "version": "gcc8_4_0-esp-2021r2-patch3",
          "systems": [
            {
              "host": "x86_64-pc-linux-gnu",
              "url": "https://github.com/espressif/crosstool-NG/releases/download/esp-2021r2-patch3/riscv32-esp-elf-gcc8_4_0-esp-2021r2-patch3-linux-amd64.tar.gz",
              "archiveFileName": "riscv32-esp-elf-gcc8_4_0-esp-2021r2-patch3-linux-amd64.tar.gz",
              "size": "106843321",
              "checksum": "SHA-256:179cbad579790ad35e0f414a18d90017c0f158c397022411a8e9867db2174f15"
            },
            {
              "host": "aarch64-linux-gnu",
              "url": "https://github.com/espressif/crosstool-NG/releases/download/esp-2021r2-patch3/riscv32-esp-elf-gcc8_4_0-esp-2021r2-patch3-linux-arm64.tar.gz",
              "archiveFileName": "riscv32-esp-elf-gcc8_4_0-esp-2021r2-patch3-linux-arm64.tar.gz",
              "size": "103277393",
              "checksum": "SHA-256:fb339d476c79c76db8f903b265cab6bb6950d5ed954dec644445252d3378023c"
            },
            {
              "host": "arm-linux-gnueabihf",
              "url": "https://github.com/espressif/crosstool-NG/releases/download/esp-2021r2-patch3/riscv32-esp-elf-gcc8_4_0-esp-2021r2-patch3-linux-armel.tar.gz",
              "archiveFileName": "riscv32-esp-elf-gcc8_4_0-esp-2021r2-patch3-linux-armel.tar.gz",
              "size": "103062256",
              "checksum": "SHA-256:51a6296d8334b7452dba44b2b62e87afd7fd1c74bafa1aa29b1f4ab72cb9e5e0"
            },
            {
              "host": "i686-pc-linux-gnu",
              "url": "https://github.com/espressif/crosstool-NG/releases/download/esp-2021r2-patch3/riscv32-esp-elf-gcc8_4_0-esp-2021r2-patch3-linux-i686.tar.gz",
              "archiveFileName": "riscv32-esp-elf-gcc8_4_0-esp-2021r2-patch3-linux-i686.tar.gz",
              "size": "109460025",
              "checksum": "SHA-256:fef60f7ef37ffaa50416d8f244cdbd710d6729dae41ef06c4ec0e50a1f3b7dd7"
            },
            {
              "host": "x86_64-apple-darwin",
              "url": "https://github.com/espressif/crosstool-NG/releases/download/esp-2021r2-patch3/riscv32-esp-elf-gcc8_4_0-esp-2021r2-patch3-macos.tar.gz",
              "archiveFileName": "riscv32-esp-elf-gcc8_4_0-esp-2021r2-patch3-macos.tar.gz",
              "size": "113703959",
              "checksum": "SHA-256:4aacc1742a76349d790b1ac8e9e9d963daefda5346dbd6741cfe8e7a35a44e4e"
            },
            {
              "host": "i686-mingw32",
              "url": "https://github.com/espressif/crosstool-NG/releases/download/esp-2021r2-patch3/riscv32-esp-elf-gcc8_4_0-esp-2021r2-patch3-win32.zip",
              "archiveFileName": "riscv32-esp-elf-gcc8_4_0-esp-2021r2-patch3-win32.zip",
              "size": "144711970",
              "checksum": "SHA-256:eb2a442d7f551ebeb842995ec372ec4b364314ca2d7aae779399a74972f7d6bc"
            },
            {
              "host": "x86_64-mingw32",
              "url": "https://github.com/espressif/crosstool-NG/releases/download/esp-2021r2-patch3/riscv32-esp-elf-gcc8_4_0-esp-2021r2-patch3-win64.zip",
              "archiveFileName": "riscv32-esp-elf-gcc8_4_0-esp-2021r2-patch3-win64.zip",
              "size": "146606480",
              "checksum": "SHA-256:f5607e5187317d521f0474cade83f8eb590f2d165d95c3779b6ce11fbac21d1f"
            }
          ]
        },
        {
          "name": "xtensa-esp32s3-elf-gcc",
          "version": "gcc8_4_0-esp-2021r2-patch3",
          "systems": [
            {
              "host": "x86_64-pc-linux-gnu",
              "url": "https://github.com/espressif/crosstool-NG/releases/download/esp-2021r2-patch3/xtensa-esp32s3-elf-gcc8_4_0-esp-2021r2-patch3-linux-amd64.tar.gz",
              "archiveFileName": "xtensa-esp32s3-elf-gcc8_4_0-esp-2021r2-patch3-linux-amd64.tar.gz",
              "size": "90903617",
              "checksum": "SHA-256:59b271d014ff3915b6db1b43b610a45eea15fe5d6877d12cae8a191cc996ed37"
            },
            {
              "host": "aarch64-linux-gnu",
              "url": "https://github.com/espressif/crosstool-NG/releases/download/esp-2021r2-patch3/xtensa-esp32s3-elf-gcc8_4_0-esp-2021r2-patch3-linux-arm64.tar.gz",
              "archiveFileName": "xtensa-esp32s3-elf-gcc8_4_0-esp-2021r2-patch3-linux-arm64.tar.gz",
              "size": "87065204",
              "checksum": "SHA-256:7051b32483e61f98606d71c98e372929428a5165df791dcd5830ed9517763152"
            },
            {
              "host": "arm-linux-gnueabihf",
              "url": "https://github.com/espressif/crosstool-NG/releases/download/esp-2021r2-patch3/xtensa-esp32s3-elf-gcc8_4_0-esp-2021r2-patch3-linux-armel.tar.gz",
              "archiveFileName": "xtensa-esp32s3-elf-gcc8_4_0-esp-2021r2-patch3-linux-armel.tar.gz",
              "size": "86455731",
              "checksum": "SHA-256:48c8dbbf96eec691a812327dc580042d9718fe989e60c2111ebfd692ac710081"
            },
            {
              "host": "i686-pc-linux-gnu",
              "url": "https://github.com/espressif/crosstool-NG/releases/download/esp-2021r2-patch3/xtensa-esp32s3-elf-gcc8_4_0-esp-2021r2-patch3-linux-i686.tar.gz",
              "archiveFileName": "xtensa-esp32s3-elf-gcc8_4_0-esp-2021r2-patch3-linux-i686.tar.gz",
              "size": "92906274",
              "checksum": "SHA-256:552dca3f4302ab7ca88a934b0391200198c9d10a4d8ac413fe604cbf8601f950"
            },
            {
              "host": "x86_64-apple-darwin",
              "url": "https://github.com/espressif/crosstool-NG/releases/download/esp-2021r2-patch3/xtensa-esp32s3-elf-gcc8_4_0-esp-2021r2-patch3-macos.tar.gz",
              "archiveFileName": "xtensa-esp32s3-elf-gcc8_4_0-esp-2021r2-patch3-macos.tar.gz",
              "size": "98553473",
              "checksum": "SHA-256:e5af78f05d3af07617805d06ebb45ff2fe9b6aed6970a84c35eea28a5d8d5e53"
            },
            {
              "host": "i686-mingw32",
              "url": "https://github.com/espressif/crosstool-NG/releases/download/esp-2021r2-patch3/xtensa-esp32s3-elf-gcc8_4_0-esp-2021r2-patch3-win32.zip",
              "archiveFileName": "xtensa-esp32s3-elf-gcc8_4_0-esp-2021r2-patch3-win32.zip",
              "size": "116847008",
              "checksum": "SHA-256:1b70163acccc5655449de1d149427a54f384156bd35816ec60c422d76d033f05"
            },
            {
              "host": "x86_64-mingw32",
              "url": "https://github.com/espressif/crosstool-NG/releases/download/esp-2021r2-patch3/xtensa-esp32s3-elf-gcc8_4_0-esp-2021r2-patch3-win64.zip",
              "archiveFileName": "xtensa-esp32s3-elf-gcc8_4_0-esp-2021r2-patch3-win64.zip",
              "size": "120066269",
              "checksum": "SHA-256:58e58575d1938879fd51e822181e54bcb343aa846eb3fca8f616c2cde7bd0041"
            }
          ]
        },
        {
          "name": "avrdude",
          "version": "6.3.0-arduino8",
          "systems": [
            {
              "host": "arm-linux-gnueabihf",
              "url": "https://downloads.arduino.cc/tools/avrdude-6.3.0-arduino8-armhf-pc-linux-gnu.tar.bz2",
              "archiveFileName": "avrdude-6.3.0-arduino8-armhf-pc-linux-gnu.tar.bz2",
              "size": "644550",
              "checksum": "SHA-256:25a6834ae48019fccf37024236a1f79fe21760414292a4f3fa058d937ceee1ce"
            },
            {
              "host": "i386-apple-darwin11",
              "url": "https://downloads.arduino.cc/tools/avrdude-6.3.0-arduino8-i386-apple-darwin11.tar.bz2",
              "archiveFileName": "avrdude-6.3.0-arduino8-i386-apple-darwin11.tar.bz2",
              "size": "697268",
              "checksum": "SHA-256:be8a33a7ec01bb7123279466ffa31371e0aa4fccefffcc23ce71810b59531947"
            },
            {
              "host": "x86_64-linux-gnu",
              "url": "https://downloads.arduino.cc/tools/avrdude-6.3.0-arduino8-x86_64-pc-linux-gnu.tar.bz2",
              "archiveFileName": "avrdude-6.3.0-arduino8-x86_64-pc-linux-gnu.tar.bz2",
              "size": "711544",
              "checksum": "SHA-256:85f38d02e2398d3b7f93da2ca8b830ee65bb73f66cc7a7b30c466d3cebf2da6e"
            },
            {
              "host": "i686-linux-gnu",
              "url": "https://downloads.arduino.cc/tools/avrdude-6.3.0-arduino8-i686-pc-linux-gnu.tar.bz2",
              "archiveFileName": "avrdude-6.3.0-arduino8-i686-pc-linux-gnu.tar.bz2",
              "size": "701718",
              "checksum": "SHA-256:8e2e4bc71d22e9d11ed143763b97f3aa2d164cdeee678a9deaf5b36e245b2d20"
            },
            {
              "host": "i686-mingw32",
              "url": "https://downloads.arduino.cc/tools/avrdude-6.3.0-arduino8-i686-w64-mingw32.zip",
              "archiveFileName": "avrdude-6.3.0-arduino8-i686-w64-mingw32.zip",
              "size": "645996",
              "checksum": "SHA-256:3a7592f6c33efd658b820c73d1058d3c868a297cbddb37da5644973c3b516d5e"
            }
          ]
        },
        {
          "name": "avrdude",
          "version": "6.3.0-arduino17",
          "systems": [
            {
              "host": "arm-linux-gnueabihf",
              "url": "https://downloads.arduino.cc/tools/avrdude-6.3.0-arduino17-armhf-pc-linux-gnu.tar.bz2",
              "archiveFileName": "avrdude-6.3.0-arduino17-armhf-pc-linux-gnu.tar.bz2",
              "size": "219631",
              "checksum": "SHA-256:2a8e68c5d803aa6f902ef219f177ec3a4c28275d85cbe272962ad2cd374f50d1"
            },
            {
              "host": "aarch64-linux-gnu",
              "url": "https://downloads.arduino.cc/tools/avrdude-6.3.0-arduino17-aarch64-pc-linux-gnu.tar.bz2",
              "archiveFileName": "avrdude-6.3.0-arduino17-aarch64-pc-linux-gnu.tar.bz2",
              "size": "229852",
              "checksum": "SHA-256:6cf948f751acfe7b96684537f2291c766ec8b54b4f7dc95539864821456fa9fc"
            },
            {
              "host": "x86_64-apple-darwin12",
              "url": "https://downloads.arduino.cc/tools/avrdude-6.3.0-arduino17-x86_64-apple-darwin12.tar.bz2",
              "archiveFileName": "avrdude-6.3.0-arduino17-x86_64-apple-darwin12.tar.bz2",
              "size": "279045",
              "checksum": "SHA-256:120cc9edaae699e7e9ac50b1b8eb0e7d51fdfa555bac54233c2511e6ee5418c9"
            },
            {
              "host": "x86_64-linux-gnu",
              "url": "https://downloads.arduino.cc/tools/avrdude-6.3.0-arduino17-x86_64-pc-linux-gnu.tar.bz2",
              "archiveFileName": "avrdude-6.3.0-arduino17-x86_64-pc-linux-gnu.tar.bz2",
              "size": "254271",
              "checksum": "SHA-256:accdfb920af2aabf4f7461d2ac73c0751760f525216dc4e7657427a78c60d13d"
            },
            {
              "host": "i686-linux-gnu",
              "url": "https://downloads.arduino.cc/tools/avrdude-6.3.0-arduino17-i686-pc-linux-gnu.tar.bz2",
              "archiveFileName": "avrdude-6.3.0-arduino17-i686-pc-linux-gnu.tar.bz2",
              "size": "244550",
              "checksum": "SHA-256:5c8cc6c17db9300e1451fe41cd7178b0442b4490ee6fdbc0aed9811aef96c05f"
            },
            {
              "host": "i686-mingw32",
              "url": "https://downloads.arduino.cc/tools/avrdude-6.3.0-arduino17-i686-w64-mingw32.zip",
              "archiveFileName": "avrdude-6.3.0-arduino17-i686-w64-mingw32.zip",
              "size": "328460",
              "checksum": "SHA-256:e99188873c7c5ad8f8f906f068c33600e758b2e36cce3adbd518a21bd266749d"
            }
          ]
        },
        {
          "name": "mkspiffs",
          "version": "0.2.3",
          "systems": [
            {
              "host": "i686-mingw32",
              "url": "https://github.com/igrr/mkspiffs/releases/download/0.2.3/mkspiffs-0.2.3-arduino-esp32-win32.zip",
              "archiveFileName": "mkspiffs-0.2.3-arduino-esp32-win32.zip",
              "size": "249809",
              "checksum": "SHA-256:b647f2c2efe6949819c85ea9404271b55c7c9c25bcb98d3b98a1d0ba771adf56"
            },
            {
              "host": "x86_64-apple-darwin",
              "url": "https://github.com/igrr/mkspiffs/releases/download/0.2.3/mkspiffs-0.2.3-arduino-esp32-osx.tar.gz",
              "archiveFileName": "mkspiffs-0.2.3-arduino-esp32-osx.tar.gz",
              "size": "130270",
              "checksum": "SHA-256:9f43fc74a858cf564966b5035322c3e5e61c31a647c5a1d71b388ed6efc48423"
            },
            {
              "host": "i386-apple-darwin",
              "url": "https://github.com/igrr/mkspiffs/releases/download/0.2.3/mkspiffs-0.2.3-arduino-esp32-osx.tar.gz",
              "archiveFileName": "mkspiffs-0.2.3-arduino-esp32-osx.tar.gz",
              "size": "130270",
              "checksum": "SHA-256:9f43fc74a858cf564966b5035322c3e5e61c31a647c5a1d71b388ed6efc48423"
            },
            {
              "host": "x86_64-pc-linux-gnu",
              "url": "https://github.com/igrr/mkspiffs/releases/download/0.2.3/mkspiffs-0.2.3-arduino-esp32-linux64.tar.gz",
              "archiveFileName": "mkspiffs-0.2.3-arduino-esp32-linux64.tar.gz",
              "size": "50646",
              "checksum": "SHA-256:5e1a4ff41385e842f389f6b5254102a547e566a06b49babeffa93ef37115cb5d"
            },
            {
              "host": "i686-pc-linux-gnu",
              "url": "https://github.com/igrr/mkspiffs/releases/download/0.2.3/mkspiffs-0.2.3-arduino-esp32-linux32.tar.gz",
              "archiveFileName": "mkspiffs-0.2.3-arduino-esp32-linux32.tar.gz",
              "size": "48751",
              "checksum": "SHA-256:464463a93e8833209cdc29ba65e1a12fec31718dc10075c195a2445b2c3f6cb0"
            },
            {
              "host": "arm-linux-gnueabihf",
              "url": "https://github.com/igrr/mkspiffs/releases/download/0.2.3/mkspiffs-0.2.3-arduino-esp32-linux-armhf.tar.gz",
              "archiveFileName": "mkspiffs-0.2.3-arduino-esp32-linux-armhf.tar.gz",
              "size": "40665",
              "checksum": "SHA-256:ade3dc00117912ac08a1bdbfbfe76b12d21a34bc5fa1de0cfc45fe7a8d0a0185"
            }
          ]
        }
      ],
      "help": {}
    }
  ],
  "IsTrusted": false
}