{
  "packages": [
    {
      "name": "jwplc",
      "mantainer": "JW Control",
      "websiteURL": "https://www.jw-control.com/",
      "email": "jw.control.peru@gmail.com",
      "platforms": [
        {
          "name": "JW Control ESP32 PLC Boards",
          "architecture": "esp32",
          "version": "1.0.0",
          "deprecated": false,
          "category": "ESP32",
          "url": "https://github.com/espressif/arduino-esp32/releases/download/3.0.7/esp32-3.0.7.zip",
          "archiveFileName": "esp32-3.0.7.zip",
          "checksum": "SHA-256:6b48f5bd889e55d7b93b95849dff77c6a5e4b9ee58c7298d7872d558a4d04931",
          "size": "24546342",
          "boards": [
            {
              "name": "ESP32 Dev Board"
            },
            {
              "name": "ESP32-S2 Dev Board"
            },
            {
              "name": "ESP32-S3 Dev Board"
            },
            {
              "name": "ESP32-C3 Dev Board"
            },
            {
              "name": "Arduino Nano ESP32"
            }
          ],
          "help": {},
          "toolsDependencies": [
            {
              "packager": "esp32",
              "name": "esp32-arduino-libs",
              "version": "idf-release_v5.1-632e0c2a"
            },
            {
              "packager": "esp32",
              "name": "esp-x32",
              "version": "2302"
            },
            {
              "packager": "esp32",
              "name": "esptool_py",
              "version": "4.6"
            },
            {
              "packager": "esp32",
              "name": "mkspiffs",
              "version": "0.2.3"
            },
            {
              "packager": "esp32",
              "name": "mklittlefs",
              "version": "3.0.0-gnu12-dc7f933"
            },
            {
              "packager": "arduino",
              "name": "dfu-util",
              "version": "0.11.0-arduino5"
            }
          ],
          "discoveryDependencies": [],
          "monitorDependencies": []
        }
      ],
      "tools": [
        {
          "name": "esp-x32",
          "version": "2302",
          "systems": [
            {
              "host": "x86_64-pc-linux-gnu",
              "url": "https://github.com/espressif/crosstool-NG/releases/download/esp-12.2.0_20230208/xtensa-esp32-elf-12.2.0_20230208-x86_64-linux-gnu.tar.gz",
              "archiveFileName": "xtensa-esp32-elf-12.2.0_20230208-x86_64-linux-gnu.tar.gz",
              "size": "111766903",
              "checksum": "SHA-256:e8d35938385447cf9c34735fee2a3b2b61cca6be07db77a45856a1c2a347e423"
            },
            {
              "host": "aarch64-linux-gnu",
              "url": "https://github.com/espressif/crosstool-NG/releases/download/esp-12.2.0_20230208/xtensa-esp32-elf-12.2.0_20230208-aarch64-linux-gnu.tar.gz",
              "archiveFileName": "xtensa-esp32-elf-12.2.0_20230208-aarch64-linux-gnu.tar.gz",
              "size": "106473247",
              "checksum": "SHA-256:569988acfc2673369f222037c64bac96990cee08cebeebc4f8860e0d984f8bd9"
            },
            {
              "host": "arm-linux-gnueabihf",
              "url": "https://github.com/espressif/crosstool-NG/releases/download/esp-12.2.0_20230208/xtensa-esp32-elf-12.2.0_20230208-arm-linux-gnueabi.tar.gz",
              "archiveFileName": "xtensa-esp32-elf-12.2.0_20230208-arm-linux-gnueabi.tar.gz",
              "size": "105576049",
              "checksum": "SHA-256:6a844f16021e936cc9b87b203978356f57ab2144554f6f2a0f73ffa3d3d316c5"
            },
            {
              "host": "i686-pc-linux-gnu",
              "url": "https://github.com/espressif/crosstool-NG/releases/download/esp-12.2.0_20230208/xtensa-esp32-elf-12.2.0_20230208-i686-linux-gnu.tar.gz",
              "archiveFileName": "xtensa-esp32-elf-12.2.0_20230208-i686-linux-gnu.tar.gz",
              "size": "114870843",
              "checksum": "SHA-256:743d6f03a89329bb09f9550d27fcab677f5cf06b4720793bbcef7883a932681d"
            },
            {
              "host": "x86_64-apple-darwin",
              "url": "https://github.com/espressif/crosstool-NG/releases/download/esp-12.2.0_20230208/xtensa-esp32-elf-12.2.0_20230208-x86_64-apple-darwin.tar.gz",
              "archiveFileName": "xtensa-esp32-elf-12.2.0_20230208-x86_64-apple-darwin.tar.gz",
              "size": "119424029",
              "checksum": "SHA-256:4d32d764e984f3a570aacfb2f4957619540fb4629534d969b2e83997901334c3"
            },
            {
              "host": "arm64-apple-darwin",
              "url": "https://github.com/espressif/crosstool-NG/releases/download/esp-12.2.0_20230208/xtensa-esp32-elf-12.2.0_20230208-aarch64-apple-darwin.tar.gz",
              "archiveFileName": "xtensa-esp32-elf-12.2.0_20230208-aarch64-apple-darwin.tar.gz",
              "size": "106136827",
              "checksum": "SHA-256:dc8fa7f4933bf5cb08e83bacce6160cc9dfe93d7aad1e8f92599bb81ff5b2e28"
            },
            {
              "host": "i686-mingw32",
              "url": "https://github.com/espressif/crosstool-NG/releases/download/esp-12.2.0_20230208/xtensa-esp32-elf-12.2.0_20230208-i686-w64-mingw32.zip",
              "archiveFileName": "xtensa-esp32-elf-12.2.0_20230208-i686-w64-mingw32.zip",
              "size": "130847086",
              "checksum": "SHA-256:62bb6428d107ed3f44c212c77ecf24804b74c97327b0f0ad2029c656c6dbd6ee"
            },
            {
              "host": "x86_64-mingw32",
              "url": "https://github.com/espressif/crosstool-NG/releases/download/esp-12.2.0_20230208/xtensa-esp32-elf-12.2.0_20230208-x86_64-w64-mingw32.zip",
              "archiveFileName": "xtensa-esp32-elf-12.2.0_20230208-x86_64-w64-mingw32.zip",
              "size": "134985117",
              "checksum": "SHA-256:8febfe4a6476efc69012390106c8c660a14418f025137b0513670c72124339cf"
            }
          ]
        },
        {
          "name": "xtensa-esp32-elf-gcc",
          "version": "1.22.0-97-gc752ad5-5.2.0",
          "systems": [
            {
              "host": "i686-mingw32",
              "url": "https://github.com/espressif/arduino-esp32/releases/download/1.0.5-rc5/xtensa-esp32-elf-win32-1.22.0-97-gc752ad5-5.2.0.zip",
              "archiveFileName": "xtensa-esp32-elf-win32-1.22.0-97-gc752ad5-5.2.0.zip",
              "size": "125747216",
              "checksum": "SHA-256:80571e5d5a63494f4fa758bb9d8fb882ba4059853a8c412a84d232dc1c1400e6"
            },
            {
              "host": "x86_64-apple-darwin",
              "url": "https://github.com/espressif/arduino-esp32/releases/download/1.0.5-rc5/xtensa-esp32-elf-macos-1.22.0-97-gc752ad5-5.2.0.tar.gz",
              "archiveFileName": "xtensa-esp32-elf-macos-1.22.0-97-gc752ad5-5.2.0.tar.gz",
              "size": "50525386",
              "checksum": "SHA-256:b1ce39a563ae359cf363fb7d8ee80cb1e5226fda83188203cff60f16f55e33ef"
            },
            {
              "host": "x86_64-pc-linux-gnu",
              "url": "https://github.com/espressif/arduino-esp32/releases/download/1.0.5-rc5/xtensa-esp32-elf-linux64-1.22.0-97-gc752ad5-5.2.0.tar.gz",
              "archiveFileName": "xtensa-esp32-elf-linux64-1.22.0-97-gc752ad5-5.2.0.tar.gz",
              "size": "44225380",
              "checksum": "SHA-256:96f5f6e7611a0ed1dc47048c54c3113fc5cebffbf0ba90d8bfcd497afc7ef9f3"
            },
            {
              "host": "i686-pc-linux-gnu",
              "url": "https://github.com/espressif/arduino-esp32/releases/download/1.0.5-rc5/xtensa-esp32-elf-linux32-1.22.0-97-gc752ad5-5.2.0.tar.gz",
              "archiveFileName": "xtensa-esp32-elf-linux32-1.22.0-97-gc752ad5-5.2.0.tar.gz",
              "size": "45575521",
              "checksum": "SHA-256:8094a2c30b474e99ce64dd0ba8f310c4614eb3b3cac884a3aea0fd5f565af119"
            },
            {
              "host": "arm-linux-gnueabihf",
              "url": "https://github.com/espressif/arduino-esp32/releases/download/1.0.5-rc5/xtensa-esp32-elf-linux-armel-1.22.0-97-gc752ad5-5.2.0.tar.gz",
              "archiveFileName": "xtensa-esp32-elf-linux-armel-1.22.0-97-gc752ad5-5.2.0.tar.gz",
              "size": "50657803",
              "checksum": "SHA-256:d70d550f88448fa476b29fa50ef5502ab497a16ac7fa9ca24c6d0a39bb1e681e"
            },
            {
              "host": "aarch64-linux-gnu",
              "url": "https://github.com/espressif/arduino-esp32/releases/download/1.0.5-rc5/xtensa-esp32-elf-linux-armel-1.22.0-97-gc752ad5-5.2.0.tar.gz",
              "archiveFileName": "xtensa-esp32-elf-linux-armel-1.22.0-97-gc752ad5-5.2.0.tar.gz",
              "size": "50657803",
              "checksum": "SHA-256:d70d550f88448fa476b29fa50ef5502ab497a16ac7fa9ca24c6d0a39bb1e681e"
            }
          ]
        },
        {
          "name": "xtensa-esp32-elf-gcc",
          "version": "1.22.0-80-g6c4433a-5.2.0",
          "systems": [
            {
              "host": "i686-mingw32",
              "url": "https://dl.espressif.com/dl/xtensa-esp32-elf-win32-1.22.0-80-g6c4433a-5.2.0.zip",
              "archiveFileName": "xtensa-esp32-elf-win32-1.22.0-80-g6c4433a-5.2.0.zip",
              "size": "125719261",
              "checksum": "SHA-256:f217fccbeaaa8c92db239036e0d6202458de4488b954a3a38f35ac2ec48058a4"
            },
            {
              "host": "x86_64-apple-darwin",
              "url": "https://dl.espressif.com/dl/xtensa-esp32-elf-osx-1.22.0-80-g6c4433a-5.2.0.tar.gz",
              "archiveFileName": "xtensa-esp32-elf-osx-1.22.0-80-g6c4433a-5.2.0.tar.gz",
              "size": "46517409",
              "checksum": "SHA-256:a4307a97945d2f2f2745f415fbe80d727750e19f91f9a1e7e2f8a6065652f9da"
            },
            {
              "host": "x86_64-pc-linux-gnu",
              "url": "https://dl.espressif.com/dl/xtensa-esp32-elf-linux64-1.22.0-80-g6c4433a-5.2.0.tar.gz",
              "archiveFileName": "xtensa-esp32-elf-linux64-1.22.0-80-g6c4433a-5.2.0.tar.gz",
              "size": "44219107",
              "checksum": "SHA-256:3fe96c151d46c1d4e5edc6ed690851b8e53634041114bad04729bc16b0445156"
            },
            {
              "host": "i686-pc-linux-gnu",
              "url": "https://dl.espressif.com/dl/xtensa-esp32-elf-linux32-1.22.0-80-g6c4433a-5.2.0.tar.gz",
              "archiveFileName": "xtensa-esp32-elf-linux32-1.22.0-80-g6c4433a-5.2.0.tar.gz",
              "size": "45566336",
              "checksum": "SHA-256:b4055695ffc2dfc0bcb6dafdc2572a6e01151c4179ef5fa972b3fcb2183eb155"
            },
            {
              "host": "arm-linux-gnueabihf",
              "url": "https://dl.espressif.com/dl/xtensa-esp32-elf-linux-armel-1.22.0-87-gb57bad3-5.2.0.tar.gz",
              "archiveFileName": "xtensa-esp32-elf-linux-armel-1.22.0-87-gb57bad3-5.2.0.tar.gz",
              "size": "50655584",
              "checksum": "SHA-256:9c68c87bb23b1256dc0a1859b515946763e5292dcab4a4159a52fae5618ce861"
            }
          ]
        },
        {
          "name": "xtensa-esp32-elf-gcc",
          "version": "gcc8_4_0-esp-2021r2-patch5",
          "systems": [
            {
              "host": "x86_64-pc-linux-gnu",
              "url": "https://github.com/espressif/crosstool-NG/releases/download/esp-2021r2-patch5/xtensa-esp32-elf-gcc8_4_0-esp-2021r2-patch5-linux-amd64.tar.gz",
              "archiveFileName": "xtensa-esp32-elf-gcc8_4_0-esp-2021r2-patch5-linux-amd64.tar.gz",
              "size": "94397702",
              "checksum": "SHA-256:8ef14e0409c2011b41e504a30f70d3e35287313a795d1f2462ad2cd0e2052d37"
            },
            {
              "host": "aarch64-linux-gnu",
              "url": "https://github.com/espressif/crosstool-NG/releases/download/esp-2021r2-patch5/xtensa-esp32-elf-gcc8_4_0-esp-2021r2-patch5-linux-arm64.tar.gz",
              "archiveFileName": "xtensa-esp32-elf-gcc8_4_0-esp-2021r2-patch5-linux-arm64.tar.gz",
              "size": "90684219",
              "checksum": "SHA-256:e7d217ac2ef52c746a41f8647840b2717edcd8afc15f081bc1c4505e10a189b7"
            },
            {
              "host": "arm-linux-gnueabihf",
              "url": "https://github.com/espressif/crosstool-NG/releases/download/esp-2021r2-patch5/xtensa-esp32-elf-gcc8_4_0-esp-2021r2-patch5-linux-armel.tar.gz",
              "archiveFileName": "xtensa-esp32-elf-gcc8_4_0-esp-2021r2-patch5-linux-armel.tar.gz",
              "size": "89954866",
              "checksum": "SHA-256:ea6631f8a5105ae90d7fc462c10ed4f9049924ea8c2f9391d90b339d5f881dac"
            },
            {
              "host": "i686-pc-linux-gnu",
              "url": "https://github.com/espressif/crosstool-NG/releases/download/esp-2021r2-patch5/xtensa-esp32-elf-gcc8_4_0-esp-2021r2-patch5-linux-i686.tar.gz",
              "archiveFileName": "xtensa-esp32-elf-gcc8_4_0-esp-2021r2-patch5-linux-i686.tar.gz",
              "size": "96354023",
              "checksum": "SHA-256:ecb90af9cede0982672234da0b1bd7b7f76eadde60aa5c82eefdf37d64ffe49f"
            },
            {
              "host": "x86_64-apple-darwin",
              "url": "https://github.com/espressif/crosstool-NG/releases/download/esp-2021r2-patch5/xtensa-esp32-elf-gcc8_4_0-esp-2021r2-patch5-macos.tar.gz",
              "archiveFileName": "xtensa-esp32-elf-gcc8_4_0-esp-2021r2-patch5-macos.tar.gz",
              "size": "101712946",
              "checksum": "SHA-256:19af109fda024a3a4c989f7ccaa104f9b1b74cfd6c9363e730bb8cb9b50d5dc4"
            },
            {
              "host": "i686-mingw32",
              "url": "https://github.com/espressif/crosstool-NG/releases/download/esp-2021r2-patch5/xtensa-esp32-elf-gcc8_4_0-esp-2021r2-patch5-win32.zip",
              "archiveFileName": "xtensa-esp32-elf-gcc8_4_0-esp-2021r2-patch5-win32.zip",
              "size": "118610020",
              "checksum": "SHA-256:9851c2cfa355e1fad8abfb643a1c945d27385b1851f3ae468915ea78fcbec940"
            },
            {
              "host": "x86_64-mingw32",
              "url": "https://github.com/espressif/crosstool-NG/releases/download/esp-2021r2-patch5/xtensa-esp32-elf-gcc8_4_0-esp-2021r2-patch5-win64.zip",
              "archiveFileName": "xtensa-esp32-elf-gcc8_4_0-esp-2021r2-patch5-win64.zip",
              "size": "121846722",
              "checksum": "SHA-256:a328b3c55631846241bbe7999a309b20b797c8dc50b6e8dccf463e66a2da5fb4"
            }
          ]
        },
        {
          "name": "xtensa-esp32-elf-gcc",
          "version": "gcc8_4_0-esp-2021r2-patch3",
          "systems": [
            {
              "host": "x86_64-pc-linux-gnu",
              "url": "https://github.com/espressif/crosstool-NG/releases/download/esp-2021r2-patch3/xtensa-esp32-elf-gcc8_4_0-esp-2021r2-patch3-linux-amd64.tar.gz",
              "archiveFileName": "xtensa-esp32-elf-gcc8_4_0-esp-2021r2-patch3-linux-amd64.tar.gz",
              "size": "90569312",
              "checksum": "SHA-256:9edd1e77627688f435561922d14299f6a0021ba1f6ff67e472e1108695a69e53"
            },
            {
              "host": "aarch64-linux-gnu",
              "url": "https://github.com/espressif/crosstool-NG/releases/download/esp-2021r2-patch3/xtensa-esp32-elf-gcc8_4_0-esp-2021r2-patch3-linux-arm64.tar.gz",
              "archiveFileName": "xtensa-esp32-elf-gcc8_4_0-esp-2021r2-patch3-linux-arm64.tar.gz",
              "size": "86838362",
              "checksum": "SHA-256:3a21a3e310e6b1e7d7bed1f3e59698a5bd29ed3a5ca79fba9265d7dd2f1e0cd2"
            },
            {
              "host": "arm-linux-gnueabihf",
              "url": "https://github.com/espressif/crosstool-NG/releases/download/esp-2021r2-patch3/xtensa-esp32-elf-gcc8_4_0-esp-2021r2-patch3-linux-armel.tar.gz",
              "archiveFileName": "xtensa-esp32-elf-gcc8_4_0-esp-2021r2-patch3-linux-armel.tar.gz",
              "size": "86187540",
              "checksum": "SHA-256:89313c4c1d8db1b01624f31b58bf3fbe527160569828ac4301e9daa75c52716d"
            },
            {
              "host": "i686-pc-linux-gnu",
              "url": "https://github.com/espressif/crosstool-NG/releases/download/esp-2021r2-patch3/xtensa-esp32-elf-gcc8_4_0-esp-2021r2-patch3-linux-i686.tar.gz",
              "archiveFileName": "xtensa-esp32-elf-gcc8_4_0-esp-2021r2-patch3-linux-i686.tar.gz",
              "size": "92580267",
              "checksum": "SHA-256:a1f165a836f175daa6fbfde4ca99cb93b377f021fbfc41f79a700bd4df965a9a"
            },
            {
              "host": "x86_64-apple-darwin",
              "url": "https://github.com/espressif/crosstool-NG/releases/download/esp-2021r2-patch3/xtensa-esp32-elf-gcc8_4_0-esp-2021r2-patch3-macos.tar.gz",
              "archiveFileName": "xtensa-esp32-elf-gcc8_4_0-esp-2021r2-patch3-macos.tar.gz",
              "size": "97807647",
              "checksum": "SHA-256:dda3d7a43efd995d9a51d5a5741626dbf915df46078aef0b5aea7163ac82398b"
            },
            {
              "host": "i686-mingw32",
              "url": "https://github.com/espressif/crosstool-NG/releases/download/esp-2021r2-patch3/xtensa-esp32-elf-gcc8_4_0-esp-2021r2-patch3-win32.zip",
              "archiveFileName": "xtensa-esp32-elf-gcc8_4_0-esp-2021r2-patch3-win32.zip",
              "size": "116464819",
              "checksum": "SHA-256:fd147592928ef2d7092ba34b01ecd776fe26ba3d7e3f9b6b215a3b46e981ee2c"
            },
            {
              "host": "x86_64-mingw32",
              "url": "https://github.com/espressif/crosstool-NG/releases/download/esp-2021r2-patch3/xtensa-esp32-elf-gcc8_4_0-esp-2021r2-patch3-win64.zip",
              "archiveFileName": "xtensa-esp32-elf-gcc8_4_0-esp-2021r2-patch3-win64.zip",
              "size": "119511910",
              "checksum": "SHA-256:9395315c07de0b9f05c9a6616ba1f05e76ab651053f2f40479163a8e03cfa830"
            }
          ]
        },
        {
          "name": "xtensa-esp32-elf-gcc",
          "version": "gcc8_4_0-esp-2021r2",
          "systems": [
            {
              "host": "x86_64-pc-linux-gnu",
              "url": "https://github.com/espressif/crosstool-NG/releases/download/esp-2021r2/xtensa-esp32-elf-gcc8_4_0-esp-2021r2-linux-amd64.tar.gz",
              "archiveFileName": "xtensa-esp32-elf-gcc8_4_0-esp-2021r2-linux-amd64.tar.gz",
              "size": "90565318",
              "checksum": "SHA-256:3eb3d68b27fa6ba5af6f88da21cb8face9be0094daaa8960793cfe570ab785ff"
            },
            {
              "host": "aarch64-linux-gnu",
              "url": "https://github.com/espressif/crosstool-NG/releases/download/esp-2021r2/xtensa-esp32-elf-gcc8_4_0-esp-2021r2-linux-arm64.tar.gz",
              "archiveFileName": "xtensa-esp32-elf-gcc8_4_0-esp-2021r2-linux-arm64.tar.gz",
              "size": "86860292",
              "checksum": "SHA-256:aa534be24e45e06b7080a6a3bb8cd9e3cfb818f5f8bce2244d7cfb5e91336541"
            },
            {
              "host": "arm-linux-gnueabihf",
              "url": "https://github.com/espressif/crosstool-NG/releases/download/esp-2021r2/xtensa-esp32-elf-gcc8_4_0-esp-2021r2-linux-armel.tar.gz",
              "archiveFileName": "xtensa-esp32-elf-gcc8_4_0-esp-2021r2-linux-armel.tar.gz",
              "size": "86183421",
              "checksum": "SHA-256:f0e49ce06fe7833ff5d76961dc2dac5449d320f823bb8c05a302cf85a3a6eb04"
            },
            {
              "host": "i686-pc-linux-gnu",
              "url": "https://github.com/espressif/crosstool-NG/releases/download/esp-2021r2/xtensa-esp32-elf-gcc8_4_0-esp-2021r2-linux-i686.tar.gz",
              "archiveFileName": "xtensa-esp32-elf-gcc8_4_0-esp-2021r2-linux-i686.tar.gz",
              "size": "92582250",
              "checksum": "SHA-256:06de09b74652de43e5b22db3b7fc992623044baa75e9faaab68317a986715ba3"
            },
            {
              "host": "x86_64-apple-darwin",
              "url": "https://github.com/espressif/crosstool-NG/releases/download/esp-2021r2/xtensa-esp32-elf-gcc8_4_0-esp-2021r2-macos.tar.gz",
              "archiveFileName": "xtensa-esp32-elf-gcc8_4_0-esp-2021r2-macos.tar.gz",
              "size": "97808961",
              "checksum": "SHA-256:96443f69c8569417c780ee749d91ef33cffe22153fffa30a0fbf12107d87381b"
            },
            {
              "host": "i686-mingw32",
              "url": "https://github.com/espressif/crosstool-NG/releases/download/esp-2021r2/xtensa-esp32-elf-gcc8_4_0-esp-2021r2-win32.zip",
              "archiveFileName": "xtensa-esp32-elf-gcc8_4_0-esp-2021r2-win32.zip",
              "size": "112578260",
              "checksum": "SHA-256:076a4171bdc33e5ced3952efffb233d70263dfa760e636704050597a9edf61db"
            },
            {
              "host": "x86_64-mingw32",
              "url": "https://github.com/espressif/crosstool-NG/releases/download/esp-2021r2/xtensa-esp32-elf-gcc8_4_0-esp-2021r2-win64.zip",
              "archiveFileName": "xtensa-esp32-elf-gcc8_4_0-esp-2021r2-win64.zip",
              "size": "115278695",
              "checksum": "SHA-256:c35b7998f7f503e0cb22055d1e279ae14b6b0e09bb3ff3846b17d552ece9c247"
            }
          ]
        },
        {
          "name": "xtensa-esp32-elf-gcc",
          "version": "gcc8_4_0-esp-2021r1",
          "systems": [
            {
              "host": "x86_64-pc-linux-gnu",
              "url": "https://github.com/espressif/crosstool-NG/releases/download/esp-2021r1/xtensa-esp32-elf-gcc8_4_0-esp-2021r1-linux-amd64.tar.gz",
              "archiveFileName": "xtensa-esp32-elf-gcc8_4_0-esp-2021r1-linux-amd64.tar.gz",
              "size": "86361217",
              "checksum": "SHA-256:44a0b467b9d2b759ab48b2f27aed684581f33c96e2842992781c4e045992c5b0"
            },
            {
              "host": "arm-linux-gnueabihf",
              "url": "https://github.com/espressif/crosstool-NG/releases/download/esp-2021r1/xtensa-esp32-elf-gcc8_4_0-esp-2021r1-linux-armel.tar.gz",
              "archiveFileName": "xtensa-esp32-elf-gcc8_4_0-esp-2021r1-linux-armel.tar.gz",
              "size": "84520407",
              "checksum": "SHA-256:fdacdb2a7bbf6293bcafda9b52463a4da8a2f3b7e1df9f83d35ff9d1efa22012"
            },
            {
              "host": "i686-pc-linux-gnu",
              "url": "https://github.com/espressif/crosstool-NG/releases/download/esp-2021r1/xtensa-esp32-elf-gcc8_4_0-esp-2021r1-linux-i686.tar.gz",
              "archiveFileName": "xtensa-esp32-elf-gcc8_4_0-esp-2021r1-linux-i686.tar.gz",
              "size": "88375391",
              "checksum": "SHA-256:e2024096492dfaa50fc6ac336cd8faa2e395e8cebb617753eab0b5f16d3dd0dc"
            },
            {
              "host": "x86_64-apple-darwin",
              "url": "https://github.com/espressif/crosstool-NG/releases/download/esp-2021r1/xtensa-esp32-elf-gcc8_4_0-esp-2021r1-macos.tar.gz",
              "archiveFileName": "xtensa-esp32-elf-gcc8_4_0-esp-2021r1-macos.tar.gz",
              "size": "93357296",
              "checksum": "SHA-256:7bbc6a2b94f009cd8a3351b9c7acf7a5caa1c4d3700500ead60f84965386a61b"
            },
            {
              "host": "i686-mingw32",
              "url": "https://github.com/espressif/crosstool-NG/releases/download/esp-2021r1/xtensa-esp32-elf-gcc8_4_0-esp-2021r1-win32.zip",
              "archiveFileName": "xtensa-esp32-elf-gcc8_4_0-esp-2021r1-win32.zip",
              "size": "105603626",
              "checksum": "SHA-256:e4f9fdda192abfc9807e3e7fcd6e9fea30c1a0cf3f3c5a5c961b5114fc8c9b7e"
            }
          ]
        },
        {
          "name": "xtensa-esp32-elf-gcc",
          "version": "esp-2021r2-patch5-8.4.0",
          "systems": [
            {
              "host": "x86_64-pc-linux-gnu",
              "url": "https://github.com/espressif/crosstool-NG/releases/download/esp-2021r2-patch5/xtensa-esp32-elf-gcc8_4_0-esp-2021r2-patch5-linux-amd64.tar.gz",
              "archiveFileName": "xtensa-esp32-elf-gcc8_4_0-esp-2021r2-patch5-linux-amd64.tar.gz",
              "size": "94397702",
              "checksum": "SHA-256:8ef14e0409c2011b41e504a30f70d3e35287313a795d1f2462ad2cd0e2052d37"
            },
            {
              "host": "aarch64-linux-gnu",
              "url": "https://github.com/espressif/crosstool-NG/releases/download/esp-2021r2-patch5/xtensa-esp32-elf-gcc8_4_0-esp-2021r2-patch5-linux-arm64.tar.gz",
              "archiveFileName": "xtensa-esp32-elf-gcc8_4_0-esp-2021r2-patch5-linux-arm64.tar.gz",
              "size": "90684219",
              "checksum": "SHA-256:e7d217ac2ef52c746a41f8647840b2717edcd8afc15f081bc1c4505e10a189b7"
            },
            {
              "host": "arm-linux-gnueabihf",
              "url": "https://github.com/espressif/crosstool-NG/releases/download/esp-2021r2-patch5/xtensa-esp32-elf-gcc8_4_0-esp-2021r2-patch5-linux-armel.tar.gz",
              "archiveFileName": "xtensa-esp32-elf-gcc8_4_0-esp-2021r2-patch5-linux-armel.tar.gz",
              "size": "89954866",
              "checksum": "SHA-256:ea6631f8a5105ae90d7fc462c10ed4f9049924ea8c2f9391d90b339d5f881dac"
            },
            {
              "host": "i686-pc-linux-gnu",
              "url": "https://github.com/espressif/crosstool-NG/releases/download/esp-2021r2-patch5/xtensa-esp32-elf-gcc8_4_0-esp-2021r2-patch5-linux-i686.tar.gz",
              "archiveFileName": "xtensa-esp32-elf-gcc8_4_0-esp-2021r2-patch5-linux-i686.tar.gz",
              "size": "96354023",
              "checksum": "SHA-256:ecb90af9cede0982672234da0b1bd7b7f76eadde60aa5c82eefdf37d64ffe49f"
            },
            {
              "host": "x86_64-apple-darwin",
              "url": "https://github.com/espressif/crosstool-NG/releases/download/esp-2021r2-patch5/xtensa-esp32-elf-gcc8_4_0-esp-2021r2-patch5-macos.tar.gz",
              "archiveFileName": "xtensa-esp32-elf-gcc8_4_0-esp-2021r2-patch5-macos.tar.gz",
              "size": "101712946",
              "checksum": "SHA-256:19af109fda024a3a4c989f7ccaa104f9b1b74cfd6c9363e730bb8cb9b50d5dc4"
            },
            {
              "host": "arm64-apple-darwin",
              "url": "https://github.com/espressif/crosstool-NG/releases/download/esp-2021r2-patch5/xtensa-esp32-elf-gcc8_4_0-esp-2021r2-patch5-macos-arm64.tar.gz",
              "archiveFileName": "xtensa-esp32-elf-gcc8_4_0-esp-2021r2-patch5-macos-arm64.tar.gz",
              "size": "93104016",
              "checksum": "SHA-256:b14189772d70a96813895fff7731d0f2fec0c825cfc02e002d6d91a0cc4b6b1d"
            },
            {
              "host": "i686-mingw32",
              "url": "https://github.com/espressif/crosstool-NG/releases/download/esp-2021r2-patch5/xtensa-esp32-elf-gcc8_4_0-esp-2021r2-patch5-win32.zip",
              "archiveFileName": "xtensa-esp32-elf-gcc8_4_0-esp-2021r2-patch5-win32.zip",
              "size": "118610020",
              "checksum": "SHA-256:9851c2cfa355e1fad8abfb643a1c945d27385b1851f3ae468915ea78fcbec940"
            },
            {
              "host": "x86_64-mingw32",
              "url": "https://github.com/espressif/crosstool-NG/releases/download/esp-2021r2-patch5/xtensa-esp32-elf-gcc8_4_0-esp-2021r2-patch5-win64.zip",
              "archiveFileName": "xtensa-esp32-elf-gcc8_4_0-esp-2021r2-patch5-win64.zip",
              "size": "121846722",
              "checksum": "SHA-256:a328b3c55631846241bbe7999a309b20b797c8dc50b6e8dccf463e66a2da5fb4"
            }
          ]
        },
        {
          "name": "xtensa-esp32-elf-gcc",
          "version": "esp-12.2.0_20230208",
          "systems": [
            {
              "host": "x86_64-pc-linux-gnu",
              "url": "https://github.com/espressif/crosstool-NG/releases/download/esp-12.2.0_20230208/xtensa-esp32-elf-12.2.0_20230208-x86_64-linux-gnu.tar.gz",
              "archiveFileName": "xtensa-esp32-elf-12.2.0_20230208-x86_64-linux-gnu.tar.gz",
              "size": "111766903",
              "checksum": "SHA-256:e8d35938385447cf9c34735fee2a3b2b61cca6be07db77a45856a1c2a347e423"
            },
            {
              "host": "aarch64-linux-gnu",
              "url": "https://github.com/espressif/crosstool-NG/releases/download/esp-12.2.0_20230208/xtensa-esp32-elf-12.2.0_20230208-aarch64-linux-gnu.tar.gz",
              "archiveFileName": "xtensa-esp32-elf-12.2.0_20230208-aarch64-linux-gnu.tar.gz",
              "size": "106473247",
              "checksum": "SHA-256:569988acfc2673369f222037c64bac96990cee08cebeebc4f8860e0d984f8bd9"
            },
            {
              "host": "arm-linux-gnueabihf",
              "url": "https://github.com/espressif/crosstool-NG/releases/download/esp-12.2.0_20230208/xtensa-esp32-elf-12.2.0_20230208-arm-linux-gnueabi.tar.gz",
              "archiveFileName": "xtensa-esp32-elf-12.2.0_20230208-arm-linux-gnueabi.tar.gz",
              "size": "105576049",
              "checksum": "SHA-256:6a844f16021e936cc9b87b203978356f57ab2144554f6f2a0f73ffa3d3d316c5"
            },
            {
              "host": "i686-pc-linux-gnu",
              "url": "https://github.com/espressif/crosstool-NG/releases/download/esp-12.2.0_20230208/xtensa-esp32-elf-12.2.0_20230208-i686-linux-gnu.tar.gz",
              "archiveFileName": "xtensa-esp32-elf-12.2.0_20230208-i686-linux-gnu.tar.gz",
              "size": "114870843",
              "checksum": "SHA-256:743d6f03a89329bb09f9550d27fcab677f5cf06b4720793bbcef7883a932681d"
            },
            {
              "host": "x86_64-apple-darwin",
              "url": "https://github.com/espressif/crosstool-NG/releases/download/esp-12.2.0_20230208/xtensa-esp32-elf-12.2.0_20230208-x86_64-apple-darwin.tar.gz",
              "archiveFileName": "xtensa-esp32-elf-12.2.0_20230208-x86_64-apple-darwin.tar.gz",
              "size": "119424029",
              "checksum": "SHA-256:4d32d764e984f3a570aacfb2f4957619540fb4629534d969b2e83997901334c3"
            },
            {
              "host": "arm64-apple-darwin",
              "url": "https://github.com/espressif/crosstool-NG/releases/download/esp-12.2.0_20230208/xtensa-esp32-elf-12.2.0_20230208-aarch64-apple-darwin.tar.gz",
              "archiveFileName": "xtensa-esp32-elf-12.2.0_20230208-aarch64-apple-darwin.tar.gz",
              "size": "106136827",
              "checksum": "SHA-256:dc8fa7f4933bf5cb08e83bacce6160cc9dfe93d7aad1e8f92599bb81ff5b2e28"
            },
            {
              "host": "i686-mingw32",
              "url": "https://github.com/espressif/crosstool-NG/releases/download/esp-12.2.0_20230208/xtensa-esp32-elf-12.2.0_20230208-i686-w64-mingw32.zip",
              "archiveFileName": "xtensa-esp32-elf-12.2.0_20230208-i686-w64-mingw32.zip",
              "size": "130847086",
              "checksum": "SHA-256:62bb6428d107ed3f44c212c77ecf24804b74c97327b0f0ad2029c656c6dbd6ee"
            },
            {
              "host": "x86_64-mingw32",
              "url": "https://github.com/espressif/crosstool-NG/releases/download/esp-12.2.0_20230208/xtensa-esp32-elf-12.2.0_20230208-x86_64-w64-mingw32.zip",
              "archiveFileName": "xtensa-esp32-elf-12.2.0_20230208-x86_64-w64-mingw32.zip",
              "size": "134985117",
              "checksum": "SHA-256:8febfe4a6476efc69012390106c8c660a14418f025137b0513670c72124339cf"
            }
          ]
        },
        {
          "name": "mkspiffs",
          "version": "0.2.3",
          "systems": [
            {
              "host": "i686-mingw32",
              "url": "https://github.com/igrr/mkspiffs/releases/download/0.2.3/mkspiffs-0.2.3-arduino-esp32-win32.zip",
              "archiveFileName": "mkspiffs-0.2.3-arduino-esp32-win32.zip",
              "size": "249809",
              "checksum": "SHA-256:b647f2c2efe6949819c85ea9404271b55c7c9c25bcb98d3b98a1d0ba771adf56"
            },
            {
              "host": "x86_64-apple-darwin",
              "url": "https://github.com/igrr/mkspiffs/releases/download/0.2.3/mkspiffs-0.2.3-arduino-esp32-osx.tar.gz",
              "archiveFileName": "mkspiffs-0.2.3-arduino-esp32-osx.tar.gz",
              "size": "130270",
              "checksum": "SHA-256:9f43fc74a858cf564966b5035322c3e5e61c31a647c5a1d71b388ed6efc48423"
            },
            {
              "host": "i386-apple-darwin",
              "url": "https://github.com/igrr/mkspiffs/releases/download/0.2.3/mkspiffs-0.2.3-arduino-esp32-osx.tar.gz",
              "archiveFileName": "mkspiffs-0.2.3-arduino-esp32-osx.tar.gz",
              "size": "130270",
              "checksum": "SHA-256:9f43fc74a858cf564966b5035322c3e5e61c31a647c5a1d71b388ed6efc48423"
            },
            {
              "host": "x86_64-pc-linux-gnu",
              "url": "https://github.com/igrr/mkspiffs/releases/download/0.2.3/mkspiffs-0.2.3-arduino-esp32-linux64.tar.gz",
              "archiveFileName": "mkspiffs-0.2.3-arduino-esp32-linux64.tar.gz",
              "size": "50646",
              "checksum": "SHA-256:5e1a4ff41385e842f389f6b5254102a547e566a06b49babeffa93ef37115cb5d"
            },
            {
              "host": "i686-pc-linux-gnu",
              "url": "https://github.com/igrr/mkspiffs/releases/download/0.2.3/mkspiffs-0.2.3-arduino-esp32-linux32.tar.gz",
              "archiveFileName": "mkspiffs-0.2.3-arduino-esp32-linux32.tar.gz",
              "size": "48751",
              "checksum": "SHA-256:464463a93e8833209cdc29ba65e1a12fec31718dc10075c195a2445b2c3f6cb0"
            },
            {
              "host": "arm-linux-gnueabihf",
              "url": "https://github.com/igrr/mkspiffs/releases/download/0.2.3/mkspiffs-0.2.3-arduino-esp32-linux-armhf.tar.gz",
              "archiveFileName": "mkspiffs-0.2.3-arduino-esp32-linux-armhf.tar.gz",
              "size": "40665",
              "checksum": "SHA-256:ade3dc00117912ac08a1bdbfbfe76b12d21a34bc5fa1de0cfc45fe7a8d0a0185"
            },
            {
              "host": "aarch64-linux-gnu",
              "url": "https://github.com/igrr/mkspiffs/releases/download/0.2.3/mkspiffs-0.2.3-arduino-esp32-linux-armhf.tar.gz",
              "archiveFileName": "mkspiffs-0.2.3-arduino-esp32-linux-armhf.tar.gz",
              "size": "40665",
              "checksum": "SHA-256:ade3dc00117912ac08a1bdbfbfe76b12d21a34bc5fa1de0cfc45fe7a8d0a0185"
            }
          ]
        },
        {
          "name": "esptool",
          "version": "2.3.1",
          "systems": [
            {
              "host": "i686-mingw32",
              "url": "https://dl.espressif.com/dl/esptool-2.3.1-windows.zip",
              "archiveFileName": "esptool-2.3.1-windows.zip",
              "size": "3396085",
              "checksum": "SHA-256:c187763d0faac7da7c30a292a23c759bbc256fcd084dc8846ed284000cb0fe29"
            },
            {
              "host": "x86_64-apple-darwin",
              "url": "https://dl.espressif.com/dl/esptool-2.3.1-macos.tar.gz",
              "archiveFileName": "esptool-2.3.1-macos.tar.gz",
              "size": "3810932",
              "checksum": "SHA-256:cd922418f02e0ca11dc066b36a22646a1b441da00d762b4464ca598c902c5ecb"
            },
            {
              "host": "x86_64-pc-linux-gnu",
              "url": "https://dl.espressif.com/dl/esptool-2.3.1-linux.tar.gz",
              "archiveFileName": "esptool-2.3.1-linux.tar.gz",
              "size": "39563",
              "checksum": "SHA-256:cff30841dad80ed5d7d2d58a31843b63afa57528979a9c839806568167691d8e"
            },
            {
              "host": "i686-pc-linux-gnu",
              "url": "https://dl.espressif.com/dl/esptool-2.3.1-linux.tar.gz",
              "archiveFileName": "esptool-2.3.1-linux.tar.gz",
              "size": "39563",
              "checksum": "SHA-256:cff30841dad80ed5d7d2d58a31843b63afa57528979a9c839806568167691d8e"
            },
            {
              "host": "arm-linux-gnueabihf",
              "url": "https://dl.espressif.com/dl/esptool-2.3.1-linux.tar.gz",
              "archiveFileName": "esptool-2.3.1-linux.tar.gz",
              "size": "39563",
              "checksum": "SHA-256:cff30841dad80ed5d7d2d58a31843b63afa57528979a9c839806568167691d8e"
            }
          ]
        },
        {
          "name": "esptool_py",
          "version": "4.6",
          "systems": [
            {
              "host": "x86_64-pc-linux-gnu",
              "url": "https://github.com/espressif/arduino-esp32/releases/download/2.0.9/esptool-v4.6-src.tar.gz",
              "archiveFileName": "esptool-v4.6-src.tar.gz",
              "size": "99141",
              "checksum": "SHA-256:22f9bad0cd1cea14e554ac1f4a6d8f67415ff7029a66ce9130756276e7264e5a"
            },
            {
              "host": "i686-pc-linux-gnu",
              "url": "https://github.com/espressif/arduino-esp32/releases/download/2.0.9/esptool-v4.6-src.tar.gz",
              "archiveFileName": "esptool-v4.6-src.tar.gz",
              "size": "99141",
              "checksum": "SHA-256:22f9bad0cd1cea14e554ac1f4a6d8f67415ff7029a66ce9130756276e7264e5a"
            },
            {
              "host": "aarch64-linux-gnu",
              "url": "https://github.com/espressif/arduino-esp32/releases/download/2.0.9/esptool-v4.6-src.tar.gz",
              "archiveFileName": "esptool-v4.6-src.tar.gz",
              "size": "99141",
              "checksum": "SHA-256:22f9bad0cd1cea14e554ac1f4a6d8f67415ff7029a66ce9130756276e7264e5a"
            },
            {
              "host": "arm-linux-gnueabihf",
              "url": "https://github.com/espressif/arduino-esp32/releases/download/2.0.9/esptool-v4.6-src.tar.gz",
              "archiveFileName": "esptool-v4.6-src.tar.gz",
              "size": "99141",
              "checksum": "SHA-256:22f9bad0cd1cea14e554ac1f4a6d8f67415ff7029a66ce9130756276e7264e5a"
            },
            {
              "host": "x86_64-apple-darwin",
              "url": "https://github.com/espressif/arduino-esp32/releases/download/2.0.9/esptool-v4.6-macos.tar.gz",
              "archiveFileName": "esptool-v4.6-macos.tar.gz",
              "size": "5851297",
              "checksum": "SHA-256:885ec69fcffdcb9e7c6eacd2589f13a45ce6bcb6742bea368ec3a73bcca6dd59"
            },
            {
              "host": "x86_64-mingw32",
              "url": "https://github.com/espressif/arduino-esp32/releases/download/2.0.9/esptool-v4.6-win64.zip",
              "archiveFileName": "esptool-v4.6-win64.zip",
              "size": "6638480",
              "checksum": "SHA-256:c7c68cd1aa520cbfce488ff6a77818ece272272eb012831b9d9ab1280a7c393f"
            },
            {
              "host": "i686-mingw32",
              "url": "https://github.com/espressif/arduino-esp32/releases/download/2.0.9/esptool-v4.6-win64.zip",
              "archiveFileName": "esptool-v4.6-win64.zip",
              "size": "6638480",
              "checksum": "SHA-256:c7c68cd1aa520cbfce488ff6a77818ece272272eb012831b9d9ab1280a7c393f"
            }
          ]
        },
        {
          "name": "esp32-arduino-libs",
          "version": "idf-release_v5.1-632e0c2a",
          "systems": [
            {
              "host": "i686-mingw32",
              "url": "https://github.com/espressif/esp32-arduino-lib-builder/releases/download/idf-release_v5.1/esp32-arduino-libs-idf-release_v5.1-632e0c2a.zip",
              "archiveFileName": "esp32-arduino-libs-idf-release_v5.1-632e0c2a.zip",
              "size": "309895581",
              "checksum": "SHA-256:41f67e1c11f68b57d651955c93b63d6a8d35808ce6aff6ba3d1e1476178758f2"
            },
            {
              "host": "x86_64-mingw32",
              "url": "https://github.com/espressif/esp32-arduino-lib-builder/releases/download/idf-release_v5.1/esp32-arduino-libs-idf-release_v5.1-632e0c2a.zip",
              "archiveFileName": "esp32-arduino-libs-idf-release_v5.1-632e0c2a.zip",
              "size": "309895581",
              "checksum": "SHA-256:41f67e1c11f68b57d651955c93b63d6a8d35808ce6aff6ba3d1e1476178758f2"
            },
            {
              "host": "arm64-apple-darwin",
              "url": "https://github.com/espressif/esp32-arduino-lib-builder/releases/download/idf-release_v5.1/esp32-arduino-libs-idf-release_v5.1-632e0c2a.zip",
              "archiveFileName": "esp32-arduino-libs-idf-release_v5.1-632e0c2a.zip",
              "size": "309895581",
              "checksum": "SHA-256:41f67e1c11f68b57d651955c93b63d6a8d35808ce6aff6ba3d1e1476178758f2"
            },
            {
              "host": "x86_64-apple-darwin",
              "url": "https://github.com/espressif/esp32-arduino-lib-builder/releases/download/idf-release_v5.1/esp32-arduino-libs-idf-release_v5.1-632e0c2a.zip",
              "archiveFileName": "esp32-arduino-libs-idf-release_v5.1-632e0c2a.zip",
              "size": "309895581",
              "checksum": "SHA-256:41f67e1c11f68b57d651955c93b63d6a8d35808ce6aff6ba3d1e1476178758f2"
            },
            {
              "host": "x86_64-pc-linux-gnu",
              "url": "https://github.com/espressif/esp32-arduino-lib-builder/releases/download/idf-release_v5.1/esp32-arduino-libs-idf-release_v5.1-632e0c2a.zip",
              "archiveFileName": "esp32-arduino-libs-idf-release_v5.1-632e0c2a.zip",
              "size": "309895581",
              "checksum": "SHA-256:41f67e1c11f68b57d651955c93b63d6a8d35808ce6aff6ba3d1e1476178758f2"
            },
            {
              "host": "i686-pc-linux-gnu",
              "url": "https://github.com/espressif/esp32-arduino-lib-builder/releases/download/idf-release_v5.1/esp32-arduino-libs-idf-release_v5.1-632e0c2a.zip",
              "archiveFileName": "esp32-arduino-libs-idf-release_v5.1-632e0c2a.zip",
              "size": "309895581",
              "checksum": "SHA-256:41f67e1c11f68b57d651955c93b63d6a8d35808ce6aff6ba3d1e1476178758f2"
            },
            {
              "host": "aarch64-linux-gnu",
              "url": "https://github.com/espressif/esp32-arduino-lib-builder/releases/download/idf-release_v5.1/esp32-arduino-libs-idf-release_v5.1-632e0c2a.zip",
              "archiveFileName": "esp32-arduino-libs-idf-release_v5.1-632e0c2a.zip",
              "size": "309895581",
              "checksum": "SHA-256:41f67e1c11f68b57d651955c93b63d6a8d35808ce6aff6ba3d1e1476178758f2"
            },
            {
              "host": "arm-linux-gnueabihf",
              "url": "https://github.com/espressif/esp32-arduino-lib-builder/releases/download/idf-release_v5.1/esp32-arduino-libs-idf-release_v5.1-632e0c2a.zip",
              "archiveFileName": "esp32-arduino-libs-idf-release_v5.1-632e0c2a.zip",
              "size": "309895581",
              "checksum": "SHA-256:41f67e1c11f68b57d651955c93b63d6a8d35808ce6aff6ba3d1e1476178758f2"
            }
          ]
        },
        {
          "name": "mklittlefs",
          "version": "3.0.0-gnu12-dc7f933",
          "systems": [
            {
              "host": "aarch64-linux-gnu",
              "url": "https://github.com/earlephilhower/esp-quick-toolchain/releases/download/3.0.0-gnu12/aarch64-linux-gnu.mklittlefs-c41e51a.200706.tar.gz",
              "archiveFileName": "aarch64-linux-gnu.mklittlefs-c41e51a.200706.tar.gz",
              "size": "44651",
              "checksum": "SHA-256:fc56e389383749e4cf4fab0fcf75cc0ebc41e59383caf6c2eff1c3d9794af200"
            },
            {
              "host": "arm-linux-gnueabihf",
              "url": "https://github.com/earlephilhower/esp-quick-toolchain/releases/download/3.0.0-gnu12/arm-linux-gnueabihf.mklittlefs-c41e51a.200706.tar.gz",
              "archiveFileName": "arm-linux-gnueabihf.mklittlefs-c41e51a.200706.tar.gz",
              "size": "37211",
              "checksum": "SHA-256:52b642dd0545eb3bd8dfb75dde6601df21700e4867763fd2696274be279294c5"
            },
            {
              "host": "i686-pc-linux-gnu",
              "url": "https://github.com/earlephilhower/esp-quick-toolchain/releases/download/3.0.0-gnu12/i686-linux-gnu.mklittlefs-c41e51a.200706.tar.gz",
              "archiveFileName": "i686-linux-gnu.mklittlefs-c41e51a.200706.tar.gz",
              "size": "48033",
              "checksum": "SHA-256:7886051d8ccc54aed0af2e7cdf6ff992bb51638df86f3b545955697720b6d062"
            },
            {
              "host": "i686-mingw32",
              "url": "https://github.com/earlephilhower/esp-quick-toolchain/releases/download/3.0.0-gnu12/i686-w64-mingw32.mklittlefs-c41e51a.200706.zip",
              "archiveFileName": "i686-w64-mingw32.mklittlefs-c41e51a.200706.zip",
              "size": "332655",
              "checksum": "SHA-256:43740db30ce451454f2337331f10ab4ed41bd83dbf0fa0cb4387107388b59f42"
            },
            {
              "host": "x86_64-apple-darwin",
              "url": "https://github.com/earlephilhower/esp-quick-toolchain/releases/download/3.0.0-gnu12/x86_64-apple-darwin14.mklittlefs-c41e51a.200706.tar.gz",
              "archiveFileName": "x86_64-apple-darwin14.mklittlefs-c41e51a.200706.tar.gz",
              "size": "362608",
              "checksum": "SHA-256:e3edd5e05b70db3c7df6b9d626558348ad04804022fe955c799aeb51808c7dc3"
            },
            {
              "host": "x86_64-pc-linux-gnu",
              "url": "https://github.com/earlephilhower/esp-quick-toolchain/releases/download/3.0.0-gnu12/x86_64-linux-gnu.mklittlefs-c41e51a.200706.tar.gz",
              "archiveFileName": "x86_64-linux-gnu.mklittlefs-c41e51a.200706.tar.gz",
              "size": "46778",
              "checksum": "SHA-256:66e84dda0aad747517da3785125e05738a540948aab2b7eaa02855167a1eea53"
            },
            {
              "host": "x86_64-mingw32",
              "url": "https://github.com/earlephilhower/esp-quick-toolchain/releases/download/3.0.0-gnu12/x86_64-w64-mingw32.mklittlefs-c41e51a.200706.zip",
              "archiveFileName": "x86_64-w64-mingw32.mklittlefs-c41e51a.200706.zip",
              "size": "345132",
              "checksum": "SHA-256:2e319077491f8e832e96eb4f2f7a70dd919333cee4b388c394e0e848d031d542"
            }
          ]
        }
      ],
      "help": {
        "online": "http://esp32.com"
      }
    }
  ],
  "IsTrusted": false
}