{
  "packages": [
    {
      "name": "jwplc",
      "maintainer": "",
      "websiteUrl": "https://www.jw-control.com/",
      "Url": "https://raw.githubusercontent.com/JW-Control/platform-jwplc/refs/heads/main/JWPLC/package_jwplc_index.json",
      "email": "jw.control.peru@gmail.com",
      "platforms": [
        {
          "name": "JW Control PLC Boards",
          "architecture": "esp32",
          "version": "1.0.2",
          "deprecated": false,
          "category": "Contributed",
          "url": "https://github.com/JW-Control/platform-jwplc/blob/main/JWPLC/JWPLC-1.0.1.zip?raw=true",
          "archiveFileName": "JWPLC-1.0.2.zip",
          "checksum": "SHA-256:1BC6D9487460DB243C63B0898366DC82E95FAA8059FABCE137703A52E8973D5A",
          "size": "20075600",
          "boards": [
            {
              "name": "ESP32 Base Board"
            },
            {
              "name": "JWPLC Basic"
            },
            {
              "name": "JWPLC Expansion Module"
            }
          ],
          "help": {
            "online": "https://www.jw-control.com/"
          },
          "toolsDependencies": [
            {
              "packager": "jwplc",
              "name": "esp32-arduino-libs",
              "version": "idf-release_v5.1-632e0c2a"
            },
            {
              "packager": "jwplc",
              "name": "esptool_py",
              "version": "4.6"
            },
            {
              "packager": "jwplc",
              "name": "esp-x32",
              "version": "2302"
            },
            {
              "packager": "jwplc",
              "name": "mklittlefs",
              "version": "3.0.0-gnu12-dc7f933"
            },
            {
              "packager": "jwplc",
              "name": "mkspiffs",
              "version": "0.2.3"
            },
            {
              "packager": "arduino",
              "name": "dfu-util",
              "version": "0.11.0-arduino5"
            }
          ],
          "discoveryDependencies": [],
          "monitorDependencies": []
        }
      ],
      "tools": [
        {
          "name": "esptool_py",
          "version": "4.6",
          "systems": [
            {
              "host": "x86_64-pc-linux-gnu",
              "url": "https://github.com/espressif/arduino-esp32/releases/download/2.0.9/esptool-v4.6-src.tar.gz",
              "archiveFileName": "esptool-v4.6-src.tar.gz",
              "size": "99141",
              "checksum": "SHA-256:22f9bad0cd1cea14e554ac1f4a6d8f67415ff7029a66ce9130756276e7264e5a"
            },
            {
              "host": "i686-pc-linux-gnu",
              "url": "https://github.com/espressif/arduino-esp32/releases/download/2.0.9/esptool-v4.6-src.tar.gz",
              "archiveFileName": "esptool-v4.6-src.tar.gz",
              "size": "99141",
              "checksum": "SHA-256:22f9bad0cd1cea14e554ac1f4a6d8f67415ff7029a66ce9130756276e7264e5a"
            },
            {
              "host": "aarch64-linux-gnu",
              "url": "https://github.com/espressif/arduino-esp32/releases/download/2.0.9/esptool-v4.6-src.tar.gz",
              "archiveFileName": "esptool-v4.6-src.tar.gz",
              "size": "99141",
              "checksum": "SHA-256:22f9bad0cd1cea14e554ac1f4a6d8f67415ff7029a66ce9130756276e7264e5a"
            },
            {
              "host": "arm-linux-gnueabihf",
              "url": "https://github.com/espressif/arduino-esp32/releases/download/2.0.9/esptool-v4.6-src.tar.gz",
              "archiveFileName": "esptool-v4.6-src.tar.gz",
              "size": "99141",
              "checksum": "SHA-256:22f9bad0cd1cea14e554ac1f4a6d8f67415ff7029a66ce9130756276e7264e5a"
            },
            {
              "host": "x86_64-apple-darwin",
              "url": "https://github.com/espressif/arduino-esp32/releases/download/2.0.9/esptool-v4.6-macos.tar.gz",
              "archiveFileName": "esptool-v4.6-macos.tar.gz",
              "size": "5851297",
              "checksum": "SHA-256:885ec69fcffdcb9e7c6eacd2589f13a45ce6bcb6742bea368ec3a73bcca6dd59"
            },
            {
              "host": "x86_64-mingw32",
              "url": "https://github.com/espressif/arduino-esp32/releases/download/2.0.9/esptool-v4.6-win64.zip",
              "archiveFileName": "esptool-v4.6-win64.zip",
              "size": "6638480",
              "checksum": "SHA-256:c7c68cd1aa520cbfce488ff6a77818ece272272eb012831b9d9ab1280a7c393f"
            },
            {
              "host": "i686-mingw32",
              "url": "https://github.com/espressif/arduino-esp32/releases/download/2.0.9/esptool-v4.6-win64.zip",
              "archiveFileName": "esptool-v4.6-win64.zip",
              "size": "6638480",
              "checksum": "SHA-256:c7c68cd1aa520cbfce488ff6a77818ece272272eb012831b9d9ab1280a7c393f"
            }
          ]
        },
        {
          "name": "esp-x32",
          "version": "2302",
          "systems": [
            {
              "host": "x86_64-pc-linux-gnu",
              "url": "https://github.com/espressif/crosstool-NG/releases/download/esp-12.2.0_20230208/xtensa-esp32-elf-12.2.0_20230208-x86_64-linux-gnu.tar.gz",
              "archiveFileName": "xtensa-esp32-elf-12.2.0_20230208-x86_64-linux-gnu.tar.gz",
              "size": "111766903",
              "checksum": "SHA-256:e8d35938385447cf9c34735fee2a3b2b61cca6be07db77a45856a1c2a347e423"
            },
            {
              "host": "aarch64-linux-gnu",
              "url": "https://github.com/espressif/crosstool-NG/releases/download/esp-12.2.0_20230208/xtensa-esp32-elf-12.2.0_20230208-aarch64-linux-gnu.tar.gz",
              "archiveFileName": "xtensa-esp32-elf-12.2.0_20230208-aarch64-linux-gnu.tar.gz",
              "size": "106473247",
              "checksum": "SHA-256:569988acfc2673369f222037c64bac96990cee08cebeebc4f8860e0d984f8bd9"
            },
            {
              "host": "arm-linux-gnueabihf",
              "url": "https://github.com/espressif/crosstool-NG/releases/download/esp-12.2.0_20230208/xtensa-esp32-elf-12.2.0_20230208-arm-linux-gnueabi.tar.gz",
              "archiveFileName": "xtensa-esp32-elf-12.2.0_20230208-arm-linux-gnueabi.tar.gz",
              "size": "105576049",
              "checksum": "SHA-256:6a844f16021e936cc9b87b203978356f57ab2144554f6f2a0f73ffa3d3d316c5"
            },
            {
              "host": "i686-pc-linux-gnu",
              "url": "https://github.com/espressif/crosstool-NG/releases/download/esp-12.2.0_20230208/xtensa-esp32-elf-12.2.0_20230208-i686-linux-gnu.tar.gz",
              "archiveFileName": "xtensa-esp32-elf-12.2.0_20230208-i686-linux-gnu.tar.gz",
              "size": "114870843",
              "checksum": "SHA-256:743d6f03a89329bb09f9550d27fcab677f5cf06b4720793bbcef7883a932681d"
            },
            {
              "host": "x86_64-apple-darwin",
              "url": "https://github.com/espressif/crosstool-NG/releases/download/esp-12.2.0_20230208/xtensa-esp32-elf-12.2.0_20230208-x86_64-apple-darwin.tar.gz",
              "archiveFileName": "xtensa-esp32-elf-12.2.0_20230208-x86_64-apple-darwin.tar.gz",
              "size": "119424029",
              "checksum": "SHA-256:4d32d764e984f3a570aacfb2f4957619540fb4629534d969b2e83997901334c3"
            },
            {
              "host": "arm64-apple-darwin",
              "url": "https://github.com/espressif/crosstool-NG/releases/download/esp-12.2.0_20230208/xtensa-esp32-elf-12.2.0_20230208-aarch64-apple-darwin.tar.gz",
              "archiveFileName": "xtensa-esp32-elf-12.2.0_20230208-aarch64-apple-darwin.tar.gz",
              "size": "106136827",
              "checksum": "SHA-256:dc8fa7f4933bf5cb08e83bacce6160cc9dfe93d7aad1e8f92599bb81ff5b2e28"
            },
            {
              "host": "i686-mingw32",
              "url": "https://github.com/espressif/crosstool-NG/releases/download/esp-12.2.0_20230208/xtensa-esp32-elf-12.2.0_20230208-i686-w64-mingw32.zip",
              "archiveFileName": "xtensa-esp32-elf-12.2.0_20230208-i686-w64-mingw32.zip",
              "size": "130847086",
              "checksum": "SHA-256:62bb6428d107ed3f44c212c77ecf24804b74c97327b0f0ad2029c656c6dbd6ee"
            },
            {
              "host": "x86_64-mingw32",
              "url": "https://github.com/espressif/crosstool-NG/releases/download/esp-12.2.0_20230208/xtensa-esp32-elf-12.2.0_20230208-x86_64-w64-mingw32.zip",
              "archiveFileName": "xtensa-esp32-elf-12.2.0_20230208-x86_64-w64-mingw32.zip",
              "size": "134985117",
              "checksum": "SHA-256:8febfe4a6476efc69012390106c8c660a14418f025137b0513670c72124339cf"
            }
          ]
        },
        {
          "name": "mklittlefs",
          "version": "3.0.0-gnu12-dc7f933",
          "systems": [
            {
              "host": "aarch64-linux-gnu",
              "url": "https://github.com/earlephilhower/esp-quick-toolchain/releases/download/3.0.0-gnu12/aarch64-linux-gnu.mklittlefs-c41e51a.200706.tar.gz",
              "archiveFileName": "aarch64-linux-gnu.mklittlefs-c41e51a.200706.tar.gz",
              "size": "44651",
              "checksum": "SHA-256:fc56e389383749e4cf4fab0fcf75cc0ebc41e59383caf6c2eff1c3d9794af200"
            },
            {
              "host": "arm-linux-gnueabihf",
              "url": "https://github.com/earlephilhower/esp-quick-toolchain/releases/download/3.0.0-gnu12/arm-linux-gnueabihf.mklittlefs-c41e51a.200706.tar.gz",
              "archiveFileName": "arm-linux-gnueabihf.mklittlefs-c41e51a.200706.tar.gz",
              "size": "37211",
              "checksum": "SHA-256:52b642dd0545eb3bd8dfb75dde6601df21700e4867763fd2696274be279294c5"
            },
            {
              "host": "i686-pc-linux-gnu",
              "url": "https://github.com/earlephilhower/esp-quick-toolchain/releases/download/3.0.0-gnu12/i686-linux-gnu.mklittlefs-c41e51a.200706.tar.gz",
              "archiveFileName": "i686-linux-gnu.mklittlefs-c41e51a.200706.tar.gz",
              "size": "48033",
              "checksum": "SHA-256:7886051d8ccc54aed0af2e7cdf6ff992bb51638df86f3b545955697720b6d062"
            },
            {
              "host": "i686-mingw32",
              "url": "https://github.com/earlephilhower/esp-quick-toolchain/releases/download/3.0.0-gnu12/i686-w64-mingw32.mklittlefs-c41e51a.200706.zip",
              "archiveFileName": "i686-w64-mingw32.mklittlefs-c41e51a.200706.zip",
              "size": "332655",
              "checksum": "SHA-256:43740db30ce451454f2337331f10ab4ed41bd83dbf0fa0cb4387107388b59f42"
            },
            {
              "host": "x86_64-apple-darwin",
              "url": "https://github.com/earlephilhower/esp-quick-toolchain/releases/download/3.0.0-gnu12/x86_64-apple-darwin14.mklittlefs-c41e51a.200706.tar.gz",
              "archiveFileName": "x86_64-apple-darwin14.mklittlefs-c41e51a.200706.tar.gz",
              "size": "362608",
              "checksum": "SHA-256:e3edd5e05b70db3c7df6b9d626558348ad04804022fe955c799aeb51808c7dc3"
            },
            {
              "host": "x86_64-pc-linux-gnu",
              "url": "https://github.com/earlephilhower/esp-quick-toolchain/releases/download/3.0.0-gnu12/x86_64-linux-gnu.mklittlefs-c41e51a.200706.tar.gz",
              "archiveFileName": "x86_64-linux-gnu.mklittlefs-c41e51a.200706.tar.gz",
              "size": "46778",
              "checksum": "SHA-256:66e84dda0aad747517da3785125e05738a540948aab2b7eaa02855167a1eea53"
            },
            {
              "host": "x86_64-mingw32",
              "url": "https://github.com/earlephilhower/esp-quick-toolchain/releases/download/3.0.0-gnu12/x86_64-w64-mingw32.mklittlefs-c41e51a.200706.zip",
              "archiveFileName": "x86_64-w64-mingw32.mklittlefs-c41e51a.200706.zip",
              "size": "345132",
              "checksum": "SHA-256:2e319077491f8e832e96eb4f2f7a70dd919333cee4b388c394e0e848d031d542"
            }
          ]
        },
        {
          "name": "mkspiffs",
          "version": "0.2.3",
          "systems": [
            {
              "host": "i686-mingw32",
              "url": "https://github.com/igrr/mkspiffs/releases/download/0.2.3/mkspiffs-0.2.3-arduino-esp32-win32.zip",
              "archiveFileName": "mkspiffs-0.2.3-arduino-esp32-win32.zip",
              "size": "249809",
              "checksum": "SHA-256:b647f2c2efe6949819c85ea9404271b55c7c9c25bcb98d3b98a1d0ba771adf56"
            },
            {
              "host": "x86_64-apple-darwin",
              "url": "https://github.com/igrr/mkspiffs/releases/download/0.2.3/mkspiffs-0.2.3-arduino-esp32-osx.tar.gz",
              "archiveFileName": "mkspiffs-0.2.3-arduino-esp32-osx.tar.gz",
              "size": "130270",
              "checksum": "SHA-256:9f43fc74a858cf564966b5035322c3e5e61c31a647c5a1d71b388ed6efc48423"
            },
            {
              "host": "i386-apple-darwin",
              "url": "https://github.com/igrr/mkspiffs/releases/download/0.2.3/mkspiffs-0.2.3-arduino-esp32-osx.tar.gz",
              "archiveFileName": "mkspiffs-0.2.3-arduino-esp32-osx.tar.gz",
              "size": "130270",
              "checksum": "SHA-256:9f43fc74a858cf564966b5035322c3e5e61c31a647c5a1d71b388ed6efc48423"
            },
            {
              "host": "x86_64-pc-linux-gnu",
              "url": "https://github.com/igrr/mkspiffs/releases/download/0.2.3/mkspiffs-0.2.3-arduino-esp32-linux64.tar.gz",
              "archiveFileName": "mkspiffs-0.2.3-arduino-esp32-linux64.tar.gz",
              "size": "50646",
              "checksum": "SHA-256:5e1a4ff41385e842f389f6b5254102a547e566a06b49babeffa93ef37115cb5d"
            },
            {
              "host": "i686-pc-linux-gnu",
              "url": "https://github.com/igrr/mkspiffs/releases/download/0.2.3/mkspiffs-0.2.3-arduino-esp32-linux32.tar.gz",
              "archiveFileName": "mkspiffs-0.2.3-arduino-esp32-linux32.tar.gz",
              "size": "48751",
              "checksum": "SHA-256:464463a93e8833209cdc29ba65e1a12fec31718dc10075c195a2445b2c3f6cb0"
            },
            {
              "host": "arm-linux-gnueabihf",
              "url": "https://github.com/igrr/mkspiffs/releases/download/0.2.3/mkspiffs-0.2.3-arduino-esp32-linux-armhf.tar.gz",
              "archiveFileName": "mkspiffs-0.2.3-arduino-esp32-linux-armhf.tar.gz",
              "size": "40665",
              "checksum": "SHA-256:ade3dc00117912ac08a1bdbfbfe76b12d21a34bc5fa1de0cfc45fe7a8d0a0185"
            },
            {
              "host": "aarch64-linux-gnu",
              "url": "https://github.com/igrr/mkspiffs/releases/download/0.2.3/mkspiffs-0.2.3-arduino-esp32-linux-armhf.tar.gz",
              "archiveFileName": "mkspiffs-0.2.3-arduino-esp32-linux-armhf.tar.gz",
              "size": "40665",
              "checksum": "SHA-256:ade3dc00117912ac08a1bdbfbfe76b12d21a34bc5fa1de0cfc45fe7a8d0a0185"
            }
          ]
        },
        {
          "name": "esp32-arduino-libs",
          "version": "idf-release_v5.1-632e0c2a",
          "systems": [
            {
              "host": "i686-mingw32",
              "url": "https://github.com/espressif/esp32-arduino-lib-builder/releases/download/idf-release_v5.1/esp32-arduino-libs-idf-release_v5.1-632e0c2a.zip",
              "archiveFileName": "esp32-arduino-libs-idf-release_v5.1-632e0c2a.zip",
              "size": "309895581",
              "checksum": "SHA-256:41f67e1c11f68b57d651955c93b63d6a8d35808ce6aff6ba3d1e1476178758f2"
            },
            {
              "host": "x86_64-mingw32",
              "url": "https://github.com/espressif/esp32-arduino-lib-builder/releases/download/idf-release_v5.1/esp32-arduino-libs-idf-release_v5.1-632e0c2a.zip",
              "archiveFileName": "esp32-arduino-libs-idf-release_v5.1-632e0c2a.zip",
              "size": "309895581",
              "checksum": "SHA-256:41f67e1c11f68b57d651955c93b63d6a8d35808ce6aff6ba3d1e1476178758f2"
            },
            {
              "host": "arm64-apple-darwin",
              "url": "https://github.com/espressif/esp32-arduino-lib-builder/releases/download/idf-release_v5.1/esp32-arduino-libs-idf-release_v5.1-632e0c2a.zip",
              "archiveFileName": "esp32-arduino-libs-idf-release_v5.1-632e0c2a.zip",
              "size": "309895581",
              "checksum": "SHA-256:41f67e1c11f68b57d651955c93b63d6a8d35808ce6aff6ba3d1e1476178758f2"
            },
            {
              "host": "x86_64-apple-darwin",
              "url": "https://github.com/espressif/esp32-arduino-lib-builder/releases/download/idf-release_v5.1/esp32-arduino-libs-idf-release_v5.1-632e0c2a.zip",
              "archiveFileName": "esp32-arduino-libs-idf-release_v5.1-632e0c2a.zip",
              "size": "309895581",
              "checksum": "SHA-256:41f67e1c11f68b57d651955c93b63d6a8d35808ce6aff6ba3d1e1476178758f2"
            },
            {
              "host": "x86_64-pc-linux-gnu",
              "url": "https://github.com/espressif/esp32-arduino-lib-builder/releases/download/idf-release_v5.1/esp32-arduino-libs-idf-release_v5.1-632e0c2a.zip",
              "archiveFileName": "esp32-arduino-libs-idf-release_v5.1-632e0c2a.zip",
              "size": "309895581",
              "checksum": "SHA-256:41f67e1c11f68b57d651955c93b63d6a8d35808ce6aff6ba3d1e1476178758f2"
            },
            {
              "host": "i686-pc-linux-gnu",
              "url": "https://github.com/espressif/esp32-arduino-lib-builder/releases/download/idf-release_v5.1/esp32-arduino-libs-idf-release_v5.1-632e0c2a.zip",
              "archiveFileName": "esp32-arduino-libs-idf-release_v5.1-632e0c2a.zip",
              "size": "309895581",
              "checksum": "SHA-256:41f67e1c11f68b57d651955c93b63d6a8d35808ce6aff6ba3d1e1476178758f2"
            },
            {
              "host": "aarch64-linux-gnu",
              "url": "https://github.com/espressif/esp32-arduino-lib-builder/releases/download/idf-release_v5.1/esp32-arduino-libs-idf-release_v5.1-632e0c2a.zip",
              "archiveFileName": "esp32-arduino-libs-idf-release_v5.1-632e0c2a.zip",
              "size": "309895581",
              "checksum": "SHA-256:41f67e1c11f68b57d651955c93b63d6a8d35808ce6aff6ba3d1e1476178758f2"
            },
            {
              "host": "arm-linux-gnueabihf",
              "url": "https://github.com/espressif/esp32-arduino-lib-builder/releases/download/idf-release_v5.1/esp32-arduino-libs-idf-release_v5.1-632e0c2a.zip",
              "archiveFileName": "esp32-arduino-libs-idf-release_v5.1-632e0c2a.zip",
              "size": "309895581",
              "checksum": "SHA-256:41f67e1c11f68b57d651955c93b63d6a8d35808ce6aff6ba3d1e1476178758f2"
            }
          ]
        }
      ],
      "help": {}
    }
  ],
  "IsTrusted": false
}